"ReferenceID"	"Authors"	"Year"	"Title"	"Details"
"Ginkgodium_bifidum-ref"	"Frenguelli, J."	"1963"	"Contribuciоnes al conocimiento de la flora del Gondwana Superior en la Argentina. XXXIII \"Ginkgoales\" de los Estratos de Potrerillos en la Precordillera de Mendoza."	"Notas del Museo de La Plata, Paleontologia, 11(87): 100–127."
"Sphenobaiera_stormbergensis-ref"	"Frenguelli, J."	"1946"	"Estratigrafia y edad del llamado Retico en la Argentina."	"Gaea, B. Aries, 20: 159–309."
"Sphenobaiera_argentinae-ref"	"Frenguelli, J."	"1946"	"Contribuciones al conocimiento de la flora del Gondwana superior en la Argentina. X X XIII."	"Notas Mus. La Plata Paleontologia, 11(87): 100–127."
"Sphenobaiera_tenuistriata-ref"	"Florin, R."	"1936"	"Die fossilen Ginkgophyten von Franz-Joseph-Land nebst Erörterungen über vermeintliche Cordaitales mesoischen Alters. I. Spezieller Teil."	"Palaeontographica, 81(B): 71–173."
"Sphenobaiera_tanganyikensis-ref"	"Florin, R."	"1936"	"Die fossilen Ginkgophyten von Franz-Joseph-Land nebst Erörterungen über vermeintliche Cordaitales mesoischen Alters. I. Spezieller Teil."	"Palaeontographica, 81(B): 71–173."
"Sphenobaiera_spinosa-ref"	"Florin, R."	"1936"	"Die fossilen Ginkgophyten von Franz-Joseph-Land nebst Erörterungen über vermeintliche Cordaitales mesoischen Alters. I. Spezieller Teil."	"Palaeontographica, 81(B): 71–173."
"Sphenobaiera_spectabilis-ref"	"Florin, R."	"1936"	"Die fossilen Ginkgophyten von Franz-Joseph-Land nebst Erörterungen über vermeintliche Cordaitales mesoischen Alters. I. Spezieller Teil."	"Palaeontographica, 81(B): 71–173."
"Sphenobaiera_spetsbergensis-ref"	"Florin, R."	"1936"	"Die fossilen Ginkgophyten von Franz-Joseph-Land nebst Erörterungen über vermeintliche Cordaitales mesoischen Alters. I. Spezieller Teil."	"Palaeontographica, 81(B): 71–173."
"Sphenobaiera_schenkii-ref"	"Florin, R."	"1936"	"Die fossilen Ginkgophyten von Franz-Joseph-Land nebst Erörterungen über vermeintliche Cordaitales mesoischen Alters. I. Spezieller Teil."	"Palaeontographica, 81(B): 71–173."
"Sphenobaiera_robusta-ref"	"Florin, R."	"1936"	"Die fossilen Ginkgophyten von Franz-Joseph-Land nebst Erörterungen über vermeintliche Cordaitales mesoischen Alters. I. Spezieller Teil."	"Palaeontographica, 81(B): 71–173."
"Sphenobaiera_raymondii-ref"	"Florin, R."	"1936"	"Die fossilen Ginkgophyten von Franz-Joseph-Land nebst Erörterungen über vermeintliche Cordaitales mesoischen Alters. I. Spezieller Teil."	"Palaeontographica, 81(B): 71–173."
"Sphenobaiera_pulchella-ref"	"Florin, R."	"1936"	"Die fossilen Ginkgophyten von Franz-Joseph-Land nebst Erörterungen über vermeintliche Cordaitales mesoischen Alters. I. Spezieller Teil."	"Palaeontographica, 81(B): 71–173."
"Sphenobaiera_paucipartita-ref"	"Florin, R."	"1936"	"Die fossilen Ginkgophyten von Franz-Joseph-Land nebst Erörterungen über vermeintliche Cordaitales mesoischen Alters. I. Spezieller Teil."	"Palaeontographica, 81(B): 71–173."
"Sphenobaiera_paucinervis-ref"	"Florin, R."	"1936"	"Die fossilen Ginkgophyten von Franz-Joseph-Land nebst Erörterungen über vermeintliche Cordaitales mesoischen Alters. I. Spezieller Teil."	"Palaeontographica, 81(B): 71–173."
"Sphenobaiera_multifida-ref"	"Florin, R."	"1936"	"Die fossilen Ginkgophyten von Franz-Joseph-Land nebst Erörterungen über vermeintliche Cordaitales mesoischen Alters. I. Spezieller Teil."	"Palaeontographica, 81(B): 71–173."
"Sphenobaiera_longifolia-ref"	"Florin, R."	"1936"	"Die fossilen Ginkgophyten von Franz-Joseph-Land nebst Erörterungen über vermeintliche Cordaitales mesoischen Alters. I. Spezieller Teil."	"Palaeontographica, 81(B): 71–173."
"Sphenobaiera_leptophylla-ref"	"Florin, R."	"1936"	"Die fossilen Ginkgophyten von Franz-Joseph-Land nebst Erörterungen über vermeintliche Cordaitales mesoischen Alters. I. Spezieller Teil."	"Palaeontographica, 81(B): 71–173."
"Sphenobaiera_ikorfatensis-ref"	"Florin, R."	"1936"	"Die fossilen Ginkgophyten von Franz-Joseph-Land nebst Erörterungen über vermeintliche Cordaitales mesoischen Alters. I. Spezieller Teil."	"Palaeontographica, 81(B): 71–173."
"Sphenobaiera_horniana-ref"	"Florin, R."	"1936"	"Die fossilen Ginkgophyten von Franz-Joseph-Land nebst Erörterungen über vermeintliche Cordaitales mesoischen Alters. I. Spezieller Teil."	"Palaeontographica, 81(B): 71–173."
"Sphenobaiera_furcata-ref"	"Florin, R."	"1936"	"Die fossilen Ginkgophyten von Franz-Joseph-Land nebst Erörterungen über vermeintliche Cordaitales mesoischen Alters. I. Spezieller Teil."	"Palaeontographica, 81(B): 71–173."
"Sphenobaiera_czekanowskiana-ref"	"Florin, R."	"1936"	"Die fossilen Ginkgophyten von Franz-Joseph-Land nebst Erörterungen über vermeintliche Cordaitales mesoischen Alters. I. Spezieller Teil."	"Palaeontographica, 81(B): 71–173."
"Sphenobaiera_cretosa-ref"	"Florin, R."	"1936"	"Die fossilen Ginkgophyten von Franz-Joseph-Land nebst Erörterungen über vermeintliche Cordaitales mesoischen Alters. I. Spezieller Teil."	"Palaeontographica, 81(B): 71–173."
"Sphenobaiera_amalloidea-ref"	"Florin, R."	"1936"	"Die fossilen Ginkgophyten von Franz-Joseph-Land nebst Erörterungen über vermeintliche Cordaitales mesoischen Alters. I. Spezieller Teil."	"Palaeontographica, 81(B): 71–173."
"Ginkgo_coriacea-ref"	"Florin, R."	"1936"	"Die fossilen Ginkgophyten von Franz-Joseph-Land nebst Erörterungen über vermeintliche Cordaitales mesoischen Alters. I. Spezieller Teil."	"Palaeontographica, 81(B): 71–173."
"Ginkgoites_orientalis-ref"	"Florin, R."	"1936"	"Die fossilen Ginkgophyten von Franz-Joseph-Land nebst Erörterungen über vermeintliche Cordaitales mesoischen Alters. I. Spezieller Teil."	"Palaeontographica, 81(B): 71–173."
"Ginkgoites_ipsviciensis-ref"	"Florin, R."	"1936"	"Die fossilen Ginkgophyten von Franz-Joseph-Land nebst Erörterungen über vermeintliche Cordaitales mesoischen Alters. I. Spezieller Teil."	"Palaeontographica, 81(B): 71–173."
"Ginkgoites_simmondsii-ref"	"Florin, R."	"1936"	"Die fossilen Ginkgophyten von Franz-Josef-Land."	"Palaeontographica B, 81(3–6): 72–173."
"Ginkgoites_pseudoadiantoides-ref"	"Florin, R."	"1936"	"Die fossilen Ginkgophyten von Franz-Josef-Land."	"Palaeontographica B, 81(3–6): 72–173."
"Ginkgoites_lunzensis-ref"	"Florin, R."	"1936"	"Die fossilen Ginkgophyten von Franz-Josef-Land."	"Palaeontographica B, 81(3–6): 72–173."
"Ginkgoites_eximia-ref"	"Feruglio, E."	"1942"	"La Flora Liásica del Valle del Río Genoa (Patagonia): Ginkgoales et Gymnospermae incertae sedis."	"Not Mus La Plata Paleontologia 7: 93–110"
"Eretmophyllum_lovisatoi-ref"	"Edwards, W. N."	"1929"	"The Jurassic Flora of Sardinia."	"Annals and Magazine of Natural History, 4(23): 385–394."
"Ginkgoites_khorassanicus-ref"	"Fakhr, M.S."	"1977"	"Flore Jurassique de l'Iran."	"Bibliotheque Nationale, Paris, 165 pp."
"Ginkgoites_xinhuaensis-ref"	"Feng, S., Chen, G., Xi, Y., Zhang, C.,"	"1977"	"Fossil Atlas of Central-South China, II."	"Geological Publishing House, Beijing, pp. 622-674. (in Chinese)"
"Eretmophyllum_subtilum-ref"	"Duan, S. Y., Chen, Y."	"1991"	"The discovery of two new species of Eretmophyllum (Ginkgoales) in China."	"Cathaya, 3: 135–42."
"Eretmophyllum_latum-ref"	"Duan, S. Y., Chen, Y."	"1991"	"The discovery of two new species of Eretmophyllum (Ginkgoales) in China."	"Cathaya, 3: 135–42."
"Ginkgoites_magnifolia-ref"	"Du Toit, A. L."	"1927"	"The Fossil Flora of the Upper Karroo Beds."	"Annals of the South African Museum, 22: 289–420."
"Ginkgo_australis-ref"	"Drinnan, A. N., Chambers, C."	"1986"	"Flora of the Lower Cretaceous Koonwarra Fossil Bed (Korumburra Group), South Gippsland, Victoria."	"In: Jell, P.A., Roberts, J. (eds), Plants and invertebrates from the Lower Cretaceous Koonwarra Fossil Bed, South Gippsland, Victoria. Memoir 3 of the Association of Australasian Palaeontologists, Sidney, pp. 1– 79."
"Ginkgoites_lodevensis-ref"	"Doubinger, J."	"1956"	"Contribution a l'etude des flores Autuno-Stephaniennes."	"Memoires de la Societe Geologique de France (Nouvelle Serie), 35(75):1–180."
"Ginkgoites_martenensis-ref"	"Doubinger, J."	"1956"	"Contribution a l'etude des flores Autuno-Stephaniennes."	"Memoires de la Societe Geologique de France (Nouvelle Serie), 35(75):1–180."
"Eretmophyllum_magnum-ref"	"Doludenko, M. P., Orlovskaya, E. R.,"	"1976"	"Jurassic floras of the Karatau Range, Southern Kazakhstan."	"Palaeontology 19 (4): 627–640."
"Eretmophyllum_boroldaicum-ref"	"Doludenko, M. P., Orlovskaya, E. R.,"	"1976"	"Jurassic floras of the Karatau Range, Southern Kazakhstan."	"Palaeontology 19 (4): 627–640."
"Ginkgo_heeri-ref"	"Doludenko [Doludenko], M.P., Rasskazova [Rasskazova], E.S."	"1972"	"Ginkgovye i chekanovskievye Irkutskogo basseyna [Ginkgoales and Czekanowskiales from the Irkustk coal basin]."	"Mezozoyskie rasteniya (ginkgovye i chekanovskievye) Vostochnoy Sibiri, Nauka, pp. 7–43. (in Russian)"
"Ginkgoites_tylensis-ref"	"Doludenko [Doludenko], M.P., Lebedev [Lebedev], E.L."	"1972"	"Ginkgoites sibirica i \"G. huttonii\" Vostochnoy Sibiri [Ginkgoites sibirica and \"G. huttonii\" from eastern Siberia.]"	"In: Doludenko, M.P., et al. (eds), Mezozoyskie rasteniya (ginkgovye i chekanovskievye) Vostochnoy Sibiri [Mesozoic Plants (Ginkgoales and Czekanowskiales) from Eastern Siberia]. Nauka, Moscow, pp. 82–102. (In Russian)"
"Sphenobaiera_samylinae-ref"	"Doludenko [Doludenko], M. P., Svanidze [Svanidze], Ts. I."	"1969"	"Pozdneyurskaya flora Gruzii [The late yurassic flora of Georgia]."	"Transactions of Geology intitute, Academy of sciences of the USSR, vol. 178, 117 pp. (in Russian)"
"Eretmophyllum_thomasii-ref"	"Doludenko [Doludenko], M. P., Svanidze [Svanidze], Ts. I."	"1969"	"Pozdneyurskaya flora Gruzii [The late yurassic flora of Georgia]."	"Transactions of Geology intitute, Academy of sciences of the USSR, vol. 178, 117 pp. (in Russian)"
"Sphenobaiera_spirata-ref"	"Deng, L. H., Li, X. X., Zhou, Z. Y., Xu, R., Zhu, J. N."	"1974"	"Zhongguo Zhiwu Huashi [Palaeozoic Plants of China]."	"Kexue chubanshe, Beijing, 277 pp."
"Sphenobaiera_kazachstanica-ref"	"Doludenko [Doludenko], M. P., Orlovskaya [Orlovskaya], E. R.,"	"1976"	"Yurskaya flora Karatau [Jurassic floras of the Karatau Range]."	"Trudy geologicheskogo instituta AN SSSR, 260 pp. (in Russian)"
"Ginkgo_waarensis-ref"	"Czier, Z."	"1998"	"Ginkgo foliage from the Jurassic of the Carpathian Basin."	"Palaeontology, 41(2): 349–381."
"Ginkgo_troedssonii-ref"	"Czier, Z."	"1998"	"Ginkgo foliage from the Jurassic of the Carpathian Basin."	"Palaeontology, 41(2): 349–381."
"Ginkgo_skottsbergii-ref"	"Czier, Z."	"1998"	"Ginkgo foliage from the Jurassic of the Carpathian Basin."	"Palaeontology, 41(2): 349–381."
"Ginkgo_taochuanensis-ref"	"Czier, Z."	"1998"	"Ginkgo foliage from the Jurassic of the Carpathian Basin."	"Palaeontology, 41(2): 349–381."
"Ginkgo_polymorpha-ref"	"Czier, Z."	"1998"	"Ginkgo foliage from the Jurassic of the Carpathian Basin."	"Palaeontology, 41(2): 349–381."
"Ginkgo_marginata_marginata-ref"	"Czier, Z."	"1998"	"Ginkgo foliage from the Jurassic of the Carpathian Basin."	"Palaeontology, 41(2): 349–381."
"Ginkgo_marginata_banatica-ref"	"Czier, Z."	"1998"	"Ginkgo foliage from the Jurassic of the Carpathian Basin."	"Palaeontology, 41(2): 349–381."
"Ginkgo_iranicus-ref"	"Czier, Z."	"1998"	"Ginkgo foliage from the Jurassic of the Carpathian Basin."	"Palaeontology, 41(2): 349–381."
"Ginkgo_marginata-ref"	"Czier, Z."	"1998"	"Ginkgo foliage from the Jurassic of the Carpathian Basin."	"Palaeontology, 41(2): 349–381."
"Ginkgo_baieraeformis_banaticus-ref"	"Czier, Z."	"1998"	"Ginkgo foliage from the Jurassic of the Carpathian Basin."	"Palaeontology, 41(2): 349–381."
"Ginkgo_cuneifolius-ref"	"Czier, Z."	"1998"	"Ginkgo foliage from the Jurassic of the Carpathian Basin."	"Palaeontology, 41(2): 349–381."
"Ginkgo_baieraeformis_baieraeformis-ref"	"Czier, Z."	"1998"	"Ginkgo foliage from the Jurassic of the Carpathian Basin."	"Palaeontology, 41(2): 349–381."
"Ginkgo_baieraeformis-ref"	"Czier, Z."	"1998"	"Ginkgo foliage from the Jurassic of the Carpathian Basin."	"Palaeontology, 41(2): 349–381."
"Ginkgoites_feruglioi-ref"	"Cúneo, R."	"1987"	"Sobre la presencia de probables Ginkgoales en el Pérmico inferioir du Chubut, Argentina."	"VII Simposio Argentino de Paleobotánica y Palinología, Buenos Aires, Actas: 47–50."
"Ginkgo_suluktensis-ref"	"Chudajberdyev [Khudayberdyev], R., Gomolitzky [Gomolitskiy], N. P., Lobanova [Lobanova], A. V."	"1971"	"Materialy k yurskoy flore Yuzhnoy Fergany [Materials for the Jurassic flora of south Fergana]."	"In: Sixtel [Sikstel'], T. A. (eds), Paleobotany of Uzbekistan. Izdatelstvo \"FAN\", Tashkent, tom II, pp. 1–57. (in Russian)"
"Ginkgo_kokinensis-ref"	"Chudajberdyev [Khudayberdyev], R., Gomolitzky [Gomolitskiy], N. P., Lobanova [Lobanova], A. V."	"1971"	"Materialy k yurskoy flore Yuzhnoy Fergany [Materials for the Jurassic flora of south Fergana]."	"In: Sixtel [Sikstel'], T. A. (eds), Paleobotany of Uzbekistan. Izdatelstvo \"FAN\", Tashkent, tom II, pp. 1–57. (in Russian)"
"Ginkgoxylon_asiae-mediae-ref"	"Chudajberdyev [Khudayberdyev], R."	"1971"	"Dannye o drevesinakh drevnikh ginkgovykh [The woody fossil Ginkgoales]."	"In: Sixtel, T. A., Kuzichkina, Y. M., Savitskaya, L. I., Chudajberdyev, R., Shetsova, E. M. (eds), K istorii razvitiya gonkgovykh v Sredney Azii [History of development of Ginkgoales in middle Asia], Paleobotanika Uzbekistana, tom II: 98–104. (In Russian)"
"Sphenobaiera_petschorica-ref"	"Chramova [Khramova], S. N."	"1977"	"Triasovaya flora basseyna Pechory i ee znachenie dlya stratigrafii [Triassic flora of the Pechora basin and its significance for the stratigraphy]."	"Trudy Vsesoyuznogo Neftyanogo Nauchno-Issledovatel'skogo Geologorazvedochnogo Instituta, 380: 1–72. (in Russian)"
"Sphenobaiera_multipartita-ref"	"Chen, F., Meng, X.G., Ren, S. Q., Wu, Ch."	"1988"	"The early Cretaceous flora of Fuxin Basin and Tiefa Basin, Liaoning Province."	"Beijing: Geological Publishing House, 180 p. (Chinese with English summary)"
"Ginkgo_truncata-ref"	"Chen, F., Meng, X. Y., Ren, S. Q., Wu, C.L."	"1988"	"The Early Cretaceous flora of Fuxin Basin and Tiefa Basin, Liaoning Province."	"Geological Publishing House, Beijing, 1–180."
"Ginkgo_curvata-ref"	"Chen, F., Meng, X. Y., Ren, S. Q., Wu, C.L."	"1988"	"The Early Cretaceous flora of Fuxin Basin and Tiefa Basin, Liaoning Province."	"Geological Publishing House, Beijing, 1–180."
"Sphenobaiera_qixingensis-ref"	"Cao, Zh."	"1992"	"Fossil plants from Chengzihe Formation in Shuang-Yashan-Suibin region of Estern Heilongjiang."	"Acta Palaeontologica Sinica, 31(2): 232-248."
"Ginkgo_manchurica-ref"	"Chen, F., Meng, X. Y., Ren, S. Q., Wu, C.L."	"1988"	"The Carly Cretaceous flora of Fuxin Basin and Tiefa Basin, Liaoning Province."	"Geological Publishing House, Beijing, 1–180."
"Toretzia_shunfaensis-ref"	"Cao, Z.Y."	"1992"	"Fossil ginkgophytes from Chengzihe Formation in Shuangyashan-Suibin region of eastern Heilongjiang."	"Acta Palaeontologica Sinica, 31(2): 232–248. (in Chinese, with English summary)"
"Sphenobaiera_fujianensis-ref"	"Cao, Z. Y., Liang, S. J., Ma, A. S."	"1995"	"Fossil plants from Early Cretaceous Nanyuan Formation in Zhenghe, Fujian."	"Acta Palaeontologica Sinica, 34(1): 1–17. (Chinese with English summary)"
"Ginkgoites_microphyllus-ref"	"Cao, Z. Y."	"1992"	"Fossil plants from Chengzihe Formation in Shuang-Yushan-Suibin region of Eastern Heilongjiang."	"Acta Paleontologia Sinica, 31(2): 206–231. (in Chinese with English summary)"
"Ginkgoites_elegans-ref"	"Cao, Z. Y."	"1992"	"Fossil plants from Chengzihe Formation in Shuang-Yushan-Suibin region of Eastern Heilongjiang."	"Acta Paleontologia Sinica, 31(2): 206–231. (in Chinese with English summary)"
"Ginkgoites_baoshanensis-ref"	"Cao, Z. Y."	"1992"	"Fossil plants from Chengzihe Formation in Shuang-Yushan-Suibin region of Eastern Heilongjiang."	"Acta Paleontologia Sinica, 31(2): 206–231. (in Chinese with English summary)"
"Sphenobaiera_macrofolia-ref"	"Burago [Burago], V. I."	"1977"	"Elementy mezozoyskoy flory v pozdnepermskoy flore Juzhnogo Primor'ya [Elements of the Mesozoic flora in the Late Permian flora of Southern Primorye]."	"In: Krassilov, V. A. (eds), Paleobotanika na Dal'nem Vostoke. Dal'nevostochnyj Nauchnyj Tsentr Akademii nauk SSSR, pp. 45–51. (in Russian)"
"Sphenobaiera_vitimica-ref"	"Bugdaeva, E. V."	"2010"	"New species of Sphenobaiera Florin (Ginkgoales) from the Lower Cretaceous of Transbaikalia."	"Paleontologicheskiy Zhurnal, 44(10): 1240–1251."
"Sphenobaiera_starukhiniae-ref"	"Bugdaeva, E. V."	"2010"	"New species of Sphenobaiera Florin (Ginkgoales) from the Lower Cretaceous of Transbaikalia."	"Paleontologicheskiy Zhurnal, 44(10): 1240–1251."
"Ginkgo_kamtschatica-ref"	"Budants [Budantsev], L.Y."	"1983"	"Istoriya arkticheskoy flory epokhi rannego kaypofita [History of the Arctic Flora of the Early Cenophytic Epoch]."	"Nauka, Leningrad, 156 pp. (in Russian)"
"Arberophyllum_spathulatum-ref"	"Brik, M. I."	"1952"	"Fossil Flora and Stratigraphy of the Lower Cretaceous Sediments of the Middle Reach of the Ilek River in Western Kazakhstan"	"Moscow: Gosgeolizdat."
"Ginkgoites_feistmantelii-ref"	"Bose, M. N., Sukh Dev,"	"1958"	"Studies on the fossil flora of the Jabalpur Series from the South Rewa Gondwana Basin - 1. Cycadopteris, Nipaniophyllum and Ginkgoites."	"Palaeobotanist, 7(2): 143–154."
"Ginkgoites_sectoralis-ref"	"Bock, W."	"1969"	"The American Triassic flora and global distribution."	"Geological Center Research Series 3-4: 1–406."
"Sphenobaiera_striata-ref"	"Bock, W."	"1969"	"The American Triassic flora and global distribution."	"Geological Center Research Series, 3(4): 1–406."
"Ginkgoites_milfordensis-ref"	"Bock, W."	"1952"	"New eastern Triassic Ginkgos."	"Bulletins of the Wagner Free Institute of Science, 27: 19–16."
"Ginkgoites_scarburgensis-ref"	"Black, M."	"1929"	"Drifted Plant-Beds of the Upper Estuarine Series of Yorkshire."	"Quarterly Journal of the Geological Society, 85: 389–439."
"Ginkgoites_permjakensis-ref"	"Bistritskaja [Bystritskaya], L. I.,"	"1978"	"Ginkgoites iz yurskikh otlozheniy Kuzbassa [Ginkgoites from Jurassic deposits in Kuzbass]."	"In: Ananiev, A. R. (eds), Stratigraphy and paleontology of Siberia and Ural. Publishing house university of Tomsk, pp. 29–50. (in Russian)"
"Ginkgo_permjakensis-ref"	"Bistritskaja [Bystritskaya], L. I.,"	"1978"	"Ginkgoites iz yurskikh otlozheniy Kuzbassa [Ginkgoites from Jurassic deposits in Kuzbass]."	"In: Ananiev [Anan'ev], A. R. (eds), Stratigraphy and paleontology of Siberia and Ural. Publishing house university of Tomsk, pp. 29–50. (in Russian)"
"Ginkgoxylon_dixitii-ref"	"Biradar, N. V., Mahabale, T. S."	"1978"	"Occurrence of Ginkgo-like wood in east Gondwanas of India."	"Recent Advances in Geology 5: 146–153."
"Ginkgo_rajmahalensis-ref"	"Bano, Z., Maheshwari, H. K., Bose, N. M."	"1979"	"Some plant remainds from Pathargama Rajmahal hills, Bihar."	"The Palaeobotanist, 26(5): 144-156."
"Ginkgoites_watsoniae-ref"	"Ash, S."	"2010"	"Late Triassic Ginkgoaleans of North America."	"In: Gee, C. (eds), Plants of Mesozoic time: morphological innovations, phylogeny, ecosystems, 173–185 pp."
"Karkenia_incurva -ref"	"Archangelsky S."	"1965"	"Fossil Ginkgoales from the Tico flora, Santa Cruz Province, Argentina."	"Bulletin of the British Museum (Natural History) 10(5): 119–137."
"Ginkgoites_tigrensis-ref"	"Archangelsky S."	"1965"	"Fossil Ginkgoales from the Tico flora, Santa Cruz Province, Argentina."	"Bulletin of the British Museum (Natural History) 10(5): 119–137."
"Ginkgoites_ticoensis-ref"	"Archangelsky S."	"1965"	"Fossil Ginkgoales from the Tico flora, Santa Cruz Province, Argentina."	"Bulletin of the British Museum (Natural History) 10(5): 119–137."
"Ginkgoxylon_bihariense-ref"	"Anreánszky, G."	"1951"	"Der versteinerte Wald von Mikófalva und einige andere verkieselte Baumstämme aus Ungarn."	"Annales Biologicae Universitatum Hungariae 1: 15–24."
"Ginkgo_telemachus-ref"	"Anderson, J.M., Anderson, H.M."	"1989"	"Palaeoflora of southern Africa Volume 2."	"Balkema, Roterdam, 567 pp."
"Ginkgo_waldeckensis-ref"	"Anderson, J.M., Anderson, H.M."	"1989"	"Palaeoflora of southern Africa Volume 2."	"Balkema, Roterdam, 567 pp."
"Ginkgo_palmata-ref"	"Anderson, J.M., Anderson, H.M."	"1989"	"Palaeoflora of southern Africa Volume 2."	"Balkema, Roterdam, 567 pp."
"Ginkgo_muriselmata-ref"	"Anderson, J.M., Anderson, H.M."	"1989"	"Palaeoflora of southern Africa Volume 2."	"Balkema, Roterdam, 567 pp."
"Ginkgo_konigensis-ref"	"Anderson, J.M., Anderson, H.M."	"1989"	"Palaeoflora of southern Africa Volume 2."	"Balkema, Roterdam, 567 pp."
"Ginkgo_aviamnica-ref"	"Anderson, J.M., Anderson, H.M."	"1989"	"Palaeoflora of southern Africa Volume 2."	"Balkema, Roterdam, 567 pp."
"Ginkgo_matatiensis-ref"	"Anderson, J.M., Anderson, H.M."	"1989"	"Palaeoflora of southern Africa Volume 2."	"Balkema, Roterdam, 567 pp."
"Ginkgo_dutoitii-ref"	"Anderson, J.M., Anderson, H.M."	"1989"	"Palaeoflora of southern Africa Volume 2."	"Balkema, Roterdam, 567 pp."
"Ginkgo_denmarkensis-ref"	"Anderson, J.M., Anderson, H.M."	"1989"	"Palaeoflora of southern Africa Volume 2."	"Balkema, Roterdam, 567 pp."
"Sphenobaiera_steinmannii-ref"	"Anderson, J. M., Anderson, H. M."	"1989"	"Palaeoflora of southern Africa Volume 2."	"Balkema, Roterdam, 567 pp."
"Sphenobaiera_sectina-ref"	"Anderson, J. M., Anderson, H. M."	"1989"	"Palaeoflora of southern Africa Volume 2."	"Balkema, Roterdam, 567 pp."
"Sphenobaiera_insecta-ref"	"Anderson, J. M., Anderson, H. M."	"1989"	"Palaeoflora of southern Africa Volume 2."	"Balkema, Roterdam, 567 pp."
"Sphenobaiera_pontifolia-ref"	"Anderson, J. M., Anderson, H. M."	"1989"	"Palaeoflora of southern Africa Volume 2."	"Balkema, Roterdam, 567 pp."
"Sphenobaiera_calensis-ref"	"Anderson, J. M., Anderson, H. M."	"1989"	"Palaeoflora of southern Africa Volume 2."	"Balkema, Roterdam, 567 pp."
"Sphenobaiera_helvetica-ref"	"Anderson, J. M., Anderson, H. M."	"1989"	"Palaeoflora of southern Africa Volume 2."	"Balkema, Roterdam, 567 pp."
"Sphenobaiera_coronata-ref"	"Anderson, J. M., Anderson, H. M."	"1989"	"Palaeoflora of southern Africa Volume 2."	"Balkema, Roterdam, 567 pp."
"Sphenobaiera_africana-ref"	"Anderson, J. M., Anderson, H. M."	"1989"	"Palaeoflora of southern Africa Volume 2."	"Balkema, Roterdam, 567 pp."
"Sphenobaiera_eccaensis-ref"	"Anderson, J. M., Anderson, H. M."	"1985"	"Palaeoflora of Southern Africa: Prodromus of South African megafloras, Devonian to Lower Cretaceous."	"Balkema, Roterdam, 423 pp."
"Sphenobaiera_browniana-ref"	"Anderson, J. M., Anderson, H. M."	"1985"	"Palaeoflora of southern Africa. Prodromus of South African megafloras, Devonian to Lower Cretaceous."	"Balkema, Roterdam, 423 pp."
"Sphenobaiera_magnifolia-ref"	"Aksarin [Aksarin], A. V."	"1955"	"Yurskaya flora (Ust'baleyskiy kompleks) [Jurassic flora (Ust'boley conplex)]."	"Atlas rukovodyashchikh form iskopaemykh fauny i flory Zapadnoy Sibiri, vol. II: 158–178. (in Russian)"
"Ginkgoxylon_amurense-ref"	"Afonin, M. A."	"2016"	"Iskopaemaya drevesina Ginkgoxylon amurense sp. nov. (Ginkgoaceae) iz verkhnego mela Priamur'ya, Rossiyskiy Dal'niy Vostok [Fossil Wood Ginkgoxylon amurense sp. nov. (Ginkgoaceae) from Upper Cretaceous of the Amur River Area, Russian Far East]."	"Paleontologicheskiy Zhurnal, 2016(5): 100–108. (in Russian)"
"Sphenobaiera_pseudolongifolia-ref"	"Abramova [Abramova], L. N."	"1970"	"Rannemelovaya flora Zhiganskogo i prilegayushchikh rayonov Lenskogo basseyna [Early Cretaceous flora of Zhigansky district and allied districts of the Lena basin]."	"Uchenye zapiski Nauchno-Issledovatel'skogo instituta geologii Arktiki (Paleontologija i stratigrafija), 29: 36–57. (in Russian)"
"Ginkgoites_donetziana-ref"	"? Prynada [Prinada], V.D."	"1949"	"Pozdnetriasovaya i raneyurskaya flora Ukrainskoy SSR [Lower Triassic and Upper Jurassic flora from Ukrainian SSR]."	"VSEGEI (in Russian)"
"Ginkgoites_koraiensis-ref"	"Ablajev, A. G."	"1974"	"Pozdnemelovaya flora Vostochnoho Sichote-Alinya i ego znachenie dlya stratigrafii [Late Cretaceous flora of eastern Sikhote-Alin and its significance for the stratigraphy]."	"Nauka, Novosibirsk, 180 pp. (in Russian)"
"Ginkgo_issykkulensis-ref"	"Genkina [Genkina], R. Z."	"1966"	"Iskopaemaya flora I stratigrafiya nizhnemezozoyskikh otlozheniy Issyk-Kul'skoy vpadiny (Severnaya Kirgiziya) [The fossil flora and stratigraphy of the Lower Mesozoic deposits of the Issyk-Kul' basin (Northern Kirghizia)]."	"Nauka, Moskva, 133 pp. (in Russian)"
"Sphenobaiera_abschirica-ref"	"Genkina [Genkina], R. Z."	"1966"	"Iskopaemaya flora i stratigrafiya nizhnemezozoyskikh otlozheniy Issyk-Kul'skoy vpadiny (Severnaya Kirgiziya) [The fossil flora and stratigraphy of the Lower Mesozoic deposits of the Issyk-Kul' basin (Northern Kirghizia)]."	"Nauka, Moskva, 133 pp. (in Russian)"
"Sphenobaiera_asiatica-ref"	"Genkina [Genkina], R. Z."	"1966"	"Iskopaemaya flora i stratigrafiya nizhnemezozoyskikh otlozheniy Issyk-Kul'skoy vpadiny (Severnaya Kirgiziya) [The fossil flora and stratigraphy of the Lower Mesozoic deposits of the Issyk-Kul' basin (Northern Kirghizia)]."	"Nauka, Moskva, 133 pp. (in Russian)"
"Sphenobaiera_dzergalanensis-ref"	"Genkina [Genkina], R. Z."	"1966"	"Iskopaemaya flora i stratigrafiya nizhnemezozoyskikh otlozheniy Issyk-Kul'skoy vpadiny (Severnaya Kirgiziya) [The fossil flora and stratigraphy of the Lower Mesozoic deposits of the Issyk-Kul' basin (Northern Kirghizia)]."	"Nauka, Moskva, 133 pp. (in Russian)"
"Eretmophyllum_ketoviae-ref"	"Gomolitzky [Gomolitskiy], N. P."	"1965"	"Novye sredneyurskie paporotniki i ginkovye iz Gissarskogo khrebta [New ferns and ginkgophytes from the Middle Jurassic of the Hissar mountain range]."	"Paleontologicheskiy Zhurnal, 1965(1):125–132. (in Russian)"
"Eretmophyllum_harrisii-ref"	"Gomolitzky, N. P."	"1987"	"A new species of Eretmophyllum from the Jurassic of Middle Asia."	"Review of Palaeobotany and Palynology, 51 (1987): 127–131."
"Sphenobaiera_kolyvanica-ref"	"Gorelova [Gorelova], S. G., Batjaeva [Batyaeva], S. K."	"1987"	"Novye vidy pozdnepaleozoyskikh i mezozoyskikh rasteniy iz uglenosnykh otlozheniy Angaridy [New species of Late Palaeozoic and Mesozoic plants from the coal-bearing sediments of Angarida]."	"In: Surkov, V. S. (eds), Novye vidy drevnikh rasteniy i bespozvonochnykh fanerozoya Sibiri [New species of ancient plants and invertebrates of the Phanerozoic of Siberia]. Sibirskiy nauchno-issledovatel'skiy institut geologii, geofiziki i mineral'nogo syr'ya (SNIIGGiMS), Novosibirsk, pp. 4–9. (in Russian)"
"Ginkgoites_taeniatus-ref"	"Harris, T. M."	"1935"	"The fossil flora of Scoresby sound east Greenland. Part 4: Ginkgoales, Coniferales, Lycopodiales and Isolated Fructifications."	"C.A. Reitzels Forlag, Cobenhavn, 176 pp."
"Ginkgoites_acosmia-ref"	"Harris, T. M."	"1935"	"The fossil flora of Scoresby Sound, East Greenland."	"Meddelelser om Grønland, 112(1): 1–176."
"Sphenobaiera_boeggildiana-ref"	"Harris, T. M."	"1937"	"The fossil flora of Scoresby Sound East Greenland. Part 5: Stratigraphic relations of the plant beds."	"Meddelelser om Grønland, 112: 1–112."
"Sphenobaiera_pecten-ref"	"Harris, T. M."	"1945"	"Notes on the Jurassic Flora of Yorkshire."	"Annals and Magazine of Natural History, 12(88): 213–234."
"Ginkgo_longifolius-ref"	"Harris, T. M., Millington, W., Miller, J."	"1974"	"The Yorkshire Jurassic flora. IV. Ginkgoales. Czekanowskiales."	"British Museum (Natural History), London, 150 pp."
"Ginkgo_whitbiensis-ref"	"Harris, T. M., Millington, W., Miller, J."	"1974"	"The Yorkshire Jurassic flora. IV. Ginkgoales. Czekanowskiales."	"British Museum (Natural History), London, 150 pp."
"Sphenobaiera_gyron-ref"	"Harris, T. M., Millington, W., Miller, J."	"1974"	"The Yorkshire Jurassic flora. IV. Ginkgoales. Czekanowskiales."	"British Museum (Natural History), London, 150 pp."
"Sphenobaiera_ophioglossum-ref"	"Harris, T. M., Millington, W., Miller, J."	"1974"	"The Yorkshire Jurassic flora. IV. Ginkgoales. Czekanowskiales."	"British Museum (Natural History), London, 150 pp."
"Ginkgo_hermelinii-ref"	"Hartz, N."	"1896"	"Plantefopsteningep fra Cap Stewart i Østgrønland."	"Meddelelser om Grønland, 19: 214–248."
"Ginkgo_digitata-ref"	"Heer, O."	"1874"	"Über Gingko Thumbrg."	"Gartenflora, 23: 260–262 + Taf. 807."
"Ginkgo_adiantoides-ref"	"Heer, O."	"1874"	"Uebersicht der Miocenen Flora der Arctischen zone."	"In: Flora fossilis arctica, vol. III. Zürich, pp. 1–14."
"Ginkgo_pusilla-ref"	"Heer, O."	"1876"	"Beiträge zur Jura-Flora Ostsibiriens und des Amurlandes."	"Bulletin de la Classe historico-philologique de l'Académie impériale des sciences de St.-Pétersbourg, Ser. 17 (22): 1–222."
"Ginkgo_pluripartita-ref"	"Heer, O."	"1881"	"Zur Geschichte der Ginkgo-artigen Bäume."	"Engler's Botanische Jahrbücher, I: 1–14."
"Ginkgo_huttonii-ref"	"Heer, O.,"	"1876"	"Beiträge zur Jura-Flora Ostsibiriens und des Amurlandes."	"Mém. Acad. Imp. Sci. St. Pétersberg, Ser. 17 (22): 1–222."
"Ginkgo_lepida-ref"	"Heer, O.,"	"1876"	"Beiträge zur Jura-Flora Ostsibiriens und des Amurlandes."	"Mém. Acad. Imp. Sci. St. Pétersberg, Ser. 17 (22): 1–222."
"Ginkgo_sibirica-ref"	"Heer, O.,"	"1876"	"Beiträge zur Jura-Flora Ostsibiriens und des Amurlandes."	"Mém. Acad. Imp. Sci. St. Pétersberg, Ser. 17 (22): 1–222."
"Umaltolepis_mongoliensis-ref"	"Herreraa, F., Shib, G., Ichinnorovc, N., Takahashid, M., Bugdaevae, E. V., Herendeena, P. S., Crane, P. R."	"2017"	"The presumed ginkgophyte Umaltolepis has seed-bearing structures resembling those of Peltaspermales and Umkomasiales."	"Proceedings of the National Academy os Sciences of the United States of America, 114 (12): 1–7."
"Ginkgo_samylinae-ref"	"Horiuchi, J., Kimura, T."	"1986"	"Ginkgo tzagajanica Samylina from the Palaeogene Noda Group, Northeast Japan, with special reference to its external morphology and cuticular features."	"Transactions and Proceedings of the Palaeontological Society of Japan, 142: 341–353."
"Sphenobaiera_bifurcata-ref"	"Hsü, J., Chu, Ch., Chen, Y., Hu, Y., Tuan, Sh."	"1974"	"New genera and species of the Late Triassic plants from Yunjen, Yunnan."	"Acta Botanica Sinica, 16(3): 266–278. (in Chinese with English summary)"
"Sphenobaiera_tenuifolia-ref"	"Jain, R. K., Delevoryas, T."	"1967"	"A middle triassic flora from the Cacheuta Formation, Minas de Petroleo, Argentina."	"Palaeontology, 10(4): 564–589."
"Ginkgoxylon_liaoningense-ref"	"Jiang, Z., Wang, Y., Philippe, M., Zhang, Sh."	"2016"	"A Jurassic wood providing insights into the earliest step in Ginkgo wood evolution."	"Scientific Reports 6:38191."
"Ginkgo_parasingularis-ref"	"Kilpper, K."	"1971"	"Über eine Rät/Lias-Floraaus dem nördlichen Abfall des Alburs-gebirges in Nord-Iran."	"Paleontographica, B, 133(4–6): 89–102."
"Sphenobaiera_grandis-ref"	"Kilpper, K."	"1971"	"Über eine Rät/Lias-Floraaus dem nördlichen Abfall des Alburs-gebirges in Nord-Iran."	"Paleontographica, B, 133(4–6): 89–102."
"Sphenobaiera_paragrandis-ref"	"Kilpper, K."	"1971"	"Über eine Rät/Lias-Floraaus dem nördlichen Abfall des Alburs-gebirges in Nord-Iran."	"Paleontographica, B, 133(4–6): 89–102."
"Sphenobaiera_coreanica-ref"	"Kim, J. H., Kimura, T."	"1987"	"Sphenobaiera coreanica Kim et Kimura sp. nov., from the Bansong Group in the Danyang coal-field, Korea."	"Proceedings of the Japan Academy, Series B, 63(6): 183–185."
"Eretmophyllum_tetonense-ref"	"Kimura, T., Sekido, S."	"1965"	"Some interesting ginkgoalean leaves from the Itoshiro Sub-group, the Tetori Group, Central Honshu, Japan."	"Memoirs of the Mejiro Gakuen Woman's Junior College, 2: 1–4."
"Sphenobaiera_nipponica-ref"	"Kimura, T., Tsujii, M."	"1984"	"Early Jurassic plants in Japan."	"Transactions and proceedings of the Paleontological Society of Japan, 133: 265–287."
"Karkenia_hauptmannii -ref"	"Kirchner, M., Van Konijnenburg-Van Cittert, J. H. A."	"1994"	"Schmeissneria microstachys (Presl, 1833) Kirchner et Van Konijnenburg-Van Cittert, comb. nov. and Karkenia haupymannii Kirchner et Van Konijnenburg-Van Cittert, sp. nov., plants with ginkgoalean affinities from the Liassic of Germany."	"Review of Palaeobotany and Palynology, 83(1-3): 199–215."
"Schmeissneria_microstachys -ref"	"Kirchner, M., Van Konijnenburg-Van Cittert, J. H. A."	"1994"	"Schmeissneria microstachys (Presl, 1833) Kirchner et Van Konijnenburg-Van Cittert, comb. nov. and Karkenia haupymannii Kirchner et Van Konijnenburg-Van Cittert, sp. nov., plants with ginkgoalean affinities from the Liassic of Germany."	"Review of Palaeobotany and Palynology, 83(1-3): 199–215."
"Ginkgo_lanceoloba-ref"	"Kiritchkova [Kirichkova], A. I."	"1969"	"Materialy k izucheniyu nizhnemezozoyskoy flory vosrochnogo Urala [Stady materials of the Lower Mesozik flora of the Eastern Ural]."	"In: Savel'ev, A. A. (eds), Paleontologicheskiy sbornik. Nedra, Leningrad, pp. 270– 315. (in Russian)"
"Eretmophyllum_grybkovii-ref"	"Kiritchkova [Kirichkova], A. I."	"1976"	"Flora aalena Mangyshlaka [Aalenian flora from Mangyshlak]."	"Biostratigrafiya otlozheniy mezozoya neftehazonosnykh oblastey SSSR, VNIHRI, 388: 92–113."
"Ginkgo_celebris-ref"	"Kiritchkova [Kirichkova], A. I."	"1985"	"Fitostratigrafiya i flora yurskikh i nizhnemelovykh otlozheniy Lenskogo basseyna [Phytostratigraphy and flora of Jurassic and Lower Cretaceous deposits of the Lena Basin]."	"Ministerstvo geologii SSSR vsesoyuznyy ordena trudovoho krasnogo znameni neftyanoy nauchno-isledovatelskiy geologorazvedochnyy institut, Leningrad, 222 pp. (in Russian)"
"Ginkgo_marchaensis-ref"	"Kiritchkova [Kirichkova], A. I."	"1985"	"Fitostratigrafiya i flora yurskikh i nizhnemelovykh otlozheniy Lenskogo basseyna [Phytostratigraphy and flora of Jurassic and Lower Cretaceous deposits of the Lena Basin]."	"Ministerstvo geologii SSSR vsesoyuznyy ordena trudovoho krasnogo znameni neftyanoy nauchno-isledovatelskiy geologorazvedochnyy institut, Leningrad, 222 pp. (in Russian)"
"Ginkgo_mentiensis-ref"	"Kiritchkova [Kirichkova], A. I."	"1985"	"Fitostratigrafiya i flora yurskikh i nizhnemelovykh otlozheniy Lenskogo basseyna [Phytostratigraphy and flora of Jurassic and Lower Cretaceous deposits of the Lena Basin]."	"Ministerstvo geologii SSSR vsesoyuznyy ordena trudovoho krasnogo znameni neftyanoy nauchno-isledovatelskiy geologorazvedochnyy institut, Leningrad, 222 pp. (in Russian)"
"Ginkgo_tapkensis-ref"	"Kiritchkova [Kirichkova], A. I."	"1985"	"Fitostratigrafiya i flora yurskikh i nizhnemelovykh otlozheniy Lenskogo basseyna [Phytostratigraphy and flora of Jurassic and Lower Cretaceous deposits of the Lena Basin]."	"Ministerstvo geologii SSSR vsesoyuznyy ordena trudovoho krasnogo znameni neftyanoy nauchno-isledovatelskiy geologorazvedochnyy institut, Leningrad, 222 pp. (in Russian)"
"Ginkgo_tjukansis-ref"	"Kiritchkova [Kirichkova], A. I."	"1985"	"Fitostratigrafiya i flora yurskikh i nizhnemelovykh otlozheniy Lenskogo basseyna [Phytostratigraphy and flora of Jurassic and Lower Cretaceous deposits of the Lena Basin]."	"Ministerstvo geologii SSSR vsesoyuznyy ordena trudovoho krasnogo znameni neftyanoy nauchno-isledovatelskiy geologorazvedochnyy institut, Leningrad, 222 pp. (in Russian)"
"Ginkgo_vachrameevii-ref"	"Kiritchkova [Kirichkova], A. I."	"1985"	"Fitostratigrafiya i flora yurskikh i nizhnemelovykh otlozheniy Lenskogo basseyna [Phytostratigraphy and flora of Jurassic and Lower Cretaceous deposits of the Lena Basin]."	"Ministerstvo geologii SSSR vsesoyuznyy ordena trudovoho krasnogo znameni neftyanoy nauchno-isledovatelskiy geologorazvedochnyy institut, Leningrad, 222 pp. (in Russian)"
"Ginkgo_verchojanica-ref"	"Kiritchkova [Kirichkova], A. I."	"1985"	"Fitostratigrafiya i flora yurskikh i nizhnemelovykh otlozheniy Lenskogo basseyna [Phytostratigraphy and flora of Jurassic and Lower Cretaceous deposits of the Lena Basin]."	"Ministerstvo geologii SSSR vsesoyuznyy ordena trudovoho krasnogo znameni neftyanoy nauchno-isledovatelskiy geologorazvedochnyy institut, Leningrad, 222 pp. (in Russian)"
"Sphenobaiera_consimilis-ref"	"Kiritchkova [Kirichkova], A. I."	"1985"	"Fitostratigrafiya i flora yurskikh i nizhnemelovykh otlozheniy Lenskogo basseyna [Phytostratigraphy and flora of Jurassic and Lower Cretaceous deposits of the Lena Basin]."	"Ministerstvo geologii SSSR vsesoyuznyy ordena trudovoho krasnogo znameni neftyanoy nauchno-isledovatelskiy geologorazvedochnyy institut, Leningrad, 222 pp. (in Russian)"
"Sphenobaiera_doludenkoae-ref"	"Kiritchkova [Kirichkova], A. I."	"1985"	"Fitostratigrafiya i flora yurskikh i nizhnemelovykh otlozheniy Lenskogo basseyna [Phytostratigraphy and flora of Jurassic and Lower Cretaceous deposits of the Lena Basin]."	"Ministerstvo geologii SSSR vsesoyuznyy ordena trudovoho krasnogo znameni neftyanoy nauchno-isledovatelskiy geologorazvedochnyy institut, Leningrad, 222 pp. (in Russian)"
"Sphenobaiera_lenaensis-ref"	"Kiritchkova [Kirichkova], A. I."	"1985"	"Fitostratigrafiya i flora yurskikh i nizhnemelovykh otlozheniy Lenskogo basseyna [Phytostratigraphy and flora of Jurassic and Lower Cretaceous deposits of the Lena Basin]."	"Ministerstvo geologii SSSR vsesoyuznyy ordena trudovoho krasnogo znameni neftyanoy nauchno-isledovatelskiy geologorazvedochnyy institut, Leningrad, 222 pp. (in Russian)"
"Sphenobaiera_peculiaris-ref"	"Kiritchkova [Kirichkova], A. I."	"1985"	"Fitostratigrafiya i flora yurskikh i nizhnemelovykh otlozheniy Lenskogo basseyna [Phytostratigraphy and flora of Jurassic and Lower Cretaceous deposits of the Lena Basin]."	"Ministerstvo geologii SSSR vsesoyuznyy ordena trudovoho krasnogo znameni neftyanoy nauchno-isledovatelskiy geologorazvedochnyy institut, Leningrad, 222 pp. (in Russian)"
"Sphenobaiera_subtilis-ref"	"Kiritchkova [Kirichkova], A. I."	"1985"	"Fitostratigrafiya i flora yurskikh i nizhnemelovykh otlozheniy Lenskogo basseyna [Phytostratigraphy and flora of Jurassic and Lower Cretaceous deposits of the Lena Basin]."	"Ministerstvo geologii SSSR vsesoyuznyy ordena trudovoho krasnogo znameni neftyanoy nauchno-isledovatelskiy geologorazvedochnyy institut, Leningrad, 222 pp. (in Russian)"
"Sphenobaiera_tchirvae-ref"	"Kiritchkova [Kirichkova], A. I."	"1985"	"Fitostratigrafiya i flora yurskikh i nizhnemelovykh otlozheniy Lenskogo basseyna [Phytostratigraphy and flora of Jurassic and Lower Cretaceous deposits of the Lena Basin]."	"Ministerstvo geologii SSSR vsesoyuznyy ordena trudovoho krasnogo znameni neftyanoy nauchno-isledovatelskiy geologorazvedochnyy institut, Leningrad, 222 pp. (in Russian)"
"Ginkgo_ananievii-ref"	"Kiritchkova [Kirichkova], A. I., Batjaeva [Batyaeva], S. K., Bistritskaja [Bystritskaya], L. I."	"1992"	"Fitostratigrafiya yurskikh otlozheniy yuga zapadnoy Sibiri [Phytostratigraphy of Jurassic deposits of the southwest Siberia]."	"Ministerstvo geologii SSSR; Vsesoyuznyy neftyanoy nauchno-isledovatelskiy geologorazvedochnyy institut: \"Nedra\", Moskva, 216 pp. (in Russian)"
"Ginkgo_horelensis-ref"	"Kiritchkova [Kirichkova], A. I., Batjaeva [Batyaeva], S. K., Bistritskaja [Bystritskaya], L. I."	"1992"	"Fitostratigrafiya yurskikh otlozheniy yuga zapadnoy Sibiri [Phytostratigraphy of Jurassic deposits of the southwest Siberia]."	"Ministerstvo geologii SSSR; Vsesoyuznyy neftyanoy nauchno-isledovatelskiy geologorazvedochnyy institut: \"Nedra\", Moskva, 216 pp. (in Russian)"
"Sphenobaiera_sibiriensis-ref"	"Kiritchkova [Kirichkova], A. I., Batjaeva [Batyaeva], S. K., Bistritskaja [Bystritskaya], L. I."	"1992"	"Fitostratigrafiya yurskikh otlozheniy yuga zapadnoy Sibiri [Phytostratigraphy of Jurassic deposits of the southwest Siberia]."	"Ministerstvo geologii SSSR; Vsesoyuznyy neftyanoy nauchno-isledovatelskiy geologorazvedochnyy institut: \"Nedra\", Moskva, 216 pp. (in Russian)"
"Sphenobaiera_vigentis-ref"	"Kiritchkova [Kirichkova], A. I., Batjaeva [Batyaeva], S. K., Bistritskaja [Bystritskaya], L. I."	"1992"	"Fitostratigrafiya yurskikh otlozheniy yuga zapadnoy Sibiri [Phytostratigraphy of Jurassic deposits of the southwest Siberia]."	"Ministerstvo geologii SSSR; Vsesoyuznyy neftyanoy nauchno-isledovatelskiy geologorazvedochnyy institut: \"Nedra\", Moskva, 216 pp. (in Russian)"
"Sphenobaiera_angarensis-ref"	"Kiritchkova [Kirichkova], A. I., Kostina [Kostina], E. I., Nosova [Nosova], N.V."	"2016"	"Rod Sphenobaiera Florin i ego znachenie dlya stratigrafii yurslikh otlozheniy Irkutskogo uglenosnogo basseyna [Sphenobaiera Florin (Ginkgoales) genus and its importance for Jurassic deposits stratigraphy of Irkutsk coal basin]."	"Neftegazovaya Geologiya. Teoriya I Praktika, 11(3): 1–34. (in Russian)"
"Sphenobaiera_irkutensis-ref"	"Kiritchkova [Kirichkova], A. I., Kostina [Kostina], E. I., Nosova [Nosova], N.V."	"2016"	"Rod Sphenobaiera Florin i ego znachenie dlya stratigrafii yurslikh otlozheniy Irkutskogo uglenosnogo basseyna [Sphenobaiera Florin (Ginkgoales) genus and its importance for Jurassic deposits stratigraphy of Irkutsk coal basin]."	"Neftegazovaya Geologiya. Teoriya I Praktika, 11(3): 1–34. (in Russian)"
"Ginkgo_abaniensis-ref"	"Kostina [Kostina], E.I."	"2004"	"Yurskaya flora Kanskoho uglenosnogo basseyna [Jurassic flora from Kansk-Achinsk coal basin]."	"GEOS, Moscow, 165 pp. (in Russian)"
"Ginkgo_capillata-ref"	"Kostina [Kostina], E.I."	"2004"	"Yurskaya flora Kanskoho uglenosnogo basseyna [Jurassic flora from Kansk-Achinsk coal basin]."	"GEOS, Moscow, 165 pp. (in Russian)"
"Eretmophyllum_glandulosum-ref"	"Krassilov [Krasilov], V. A."	"1972"	"Mezozoyskaya flora reki Burei (Ginkgoales i Czekanowskiales) [Mesozoic Flora of the Bureya River (Ginkgoales and Czekanowskiales)]."	"Nauka, Moscow, 151 pp. (in Russian)"
"Ginkgoites_angusticuneatus-ref"	"Krassilov [Krasilov], V. A."	"1972"	"Mezozoyskaya flora reki Burei (Ginkgoales i Czekanowskiales) [Mesozoic Flora of the Bureya River (Ginkgoales and Czekanowskiales)]."	"Nauka, Moscow, 151 pp. (in Russian)"
"Ginkgoites_balejensis-ref"	"Krassilov [Krasilov], V. A."	"1972"	"Mezozoyskaya flora reki Burei (Ginkgoales i Czekanowskiales) [Mesozoic Flora of the Bureya River (Ginkgoales and Czekanowskiales)]."	"Nauka, Moscow, 151 pp. (in Russian)"
"Ginkgoites_dissectus-ref"	"Krassilov [Krasilov], V. A."	"1972"	"Mezozoyskaya flora reki Burei (Ginkgoales i Czekanowskiales) [Mesozoic Flora of the Bureya River (Ginkgoales and Czekanowskiales)]."	"Nauka, Moscow, 151 pp. (in Russian)"
"Ginkgoites_dunkeri-ref"	"Krassilov [Krasilov], V. A."	"1972"	"Mezozoyskaya flora reki Burei (Ginkgoales i Czekanowskiales) [Mesozoic Flora of the Bureya River (Ginkgoales and Czekanowskiales)]."	"Nauka, Moscow, 151 pp. (in Russian)"
"Ginkgoites_inornatus-ref"	"Krassilov [Krasilov], V. A."	"1972"	"Mezozoyskaya flora reki Burei (Ginkgoales i Czekanowskiales) [Mesozoic Flora of the Bureya River (Ginkgoales and Czekanowskiales)]."	"Nauka, Moscow, 151 pp. (in Russian)"
"Ginkgoites_jampolensis-ref"	"Krassilov [Krasilov], V. A."	"1972"	"Mezozoyskaya flora reki Burei (Ginkgoales i Czekanowskiales) [Mesozoic Flora of the Bureya River (Ginkgoales and Czekanowskiales)]."	"Nauka, Moscow, 151 pp. (in Russian)"
"Ginkgoites_kazachstanicus-ref"	"Krassilov [Krasilov], V. A."	"1972"	"Mezozoyskaya flora reki Burei (Ginkgoales i Czekanowskiales) [Mesozoic Flora of the Bureya River (Ginkgoales and Czekanowskiales)]."	"Nauka, Moscow, 151 pp. (in Russian)"
"Ginkgoites_longilobatus-ref"	"Krassilov [Krasilov], V. A."	"1972"	"Mezozoyskaya flora reki Burei (Ginkgoales i Czekanowskiales) [Mesozoic Flora of the Bureya River (Ginkgoales and Czekanowskiales)]."	"Nauka, Moscow, 151 pp. (in Russian)"
"Ginkgoites_longipilosus -ref"	"Krassilov [Krasilov], V. A."	"1972"	"Mezozoyskaya flora reki Burei (Ginkgoales i Czekanowskiales) [Mesozoic Flora of the Bureya River (Ginkgoales and Czekanowskiales)]."	"Nauka, Moscow, 151 pp. (in Russian)"
"Ginkgoites_occidentalis-ref"	"Krassilov [Krasilov], V. A."	"1972"	"Mezozoyskaya flora reki Burei (Ginkgoales i Czekanowskiales) [Mesozoic Flora of the Bureya River (Ginkgoales and Czekanowskiales)]."	"Nauka, Moscow, 151 pp. (in Russian)"
"Ginkgoites_sphenophyllus -ref"	"Krassilov [Krasilov], V. A."	"1972"	"Mezozoyskaya flora reki Burei (Ginkgoales i Czekanowskiales) [Mesozoic Flora of the Bureya River (Ginkgoales and Czekanowskiales)]."	"Nauka, Moscow, 151 pp. (in Russian)"
"Karkenia_asiatica -ref"	"Krassilov [Krasilov], V. A."	"1972"	"Mezozoyskaya flora reki Burei (Ginkgoales i Czekanowskiales) [Mesozoic Flora of the Bureya River (Ginkgoales and Czekanowskiales)]."	"Nauka, Moscow, 151 pp. (in Russian)"
"Sphenobaiera_umaltensis-ref"	"Krassilov [Krasilov], V. A."	"1972"	"Mezozoyskaya flora reki Burei (Ginkgoales i Czekanowskiales) [Mesozoic Flora of the Bureya River (Ginkgoales and Czekanowskiales)]."	"Nauka, Moscow, 151 pp. (in Russian)"
"Sphenobaiera_urgalica-ref"	"Krassilov [Krasilov], V. A."	"1972"	"Mezozoyskaya flora reki Burei (Ginkgoales i Czekanowskiales) [Mesozoic Flora of the Bureya River (Ginkgoales and Czekanowskiales)]."	"Nauka, Moscow, 151 pp. (in Russian)"
"Umaltolepis_rarinervis-ref"	"Krassilov [Krasilov], V. A."	"1972"	"Mezozoyskaya flora reki Burei (Ginkgoales i Czekanowskiales) [Mesozoic Flora of the Bureya River (Ginkgoales and Czekanowskiales)]."	"Nauka, Moscow, 151 pp. (in Russian)"
"Umaltolepis_vachrameevii-ref"	"Krassilov [Krasilov], V. A."	"1972"	"Mezozoyskaya flora reki Burei (Ginkgoales i Czekanowskiales) [Mesozoic Flora of the Bureya River (Ginkgoales and Czekanowskiales)]."	"Nauka, Moscow, 151 pp. (in Russian)"
"Karkenia_mongolica-ref"	"Krassilov [Krasilov], V.A., Sukacheva, I.D."	"1979"	"Domiki rucheynikov iz semyan Karkrnia (Ginkovye) v nizhnemelovykh otlozheniyakh Monholii [Houses of caddisflies from the Karkenia (Ginkgoales) seeds in the Lower Cretaceous deposits of Mongolia]."	"Dal'nevostochnaya paleofloristika, 53(156): 119–121."
"Ginkgoites_mongolensis-ref"	"Krassilov, V. A."	"1982"	"Early Cretaceous flora of Mongolia."	"Palaeontographica B, 181(1-3): 1–43."
"Arberophyllum_florinii-ref"	"Kräusel, R. (1943): Kräusel, R."	"1943"	"Die Gingkophyten der Trias von Lunz in Niederösterreich und von Neue Welt bei Basel."	"Palaeontographica Abt. B, 87: 59–93"
"Sphenobaiera_zalesskyi-ref"	"Kryshtofovich [Krishtofovich], A. N."	"1950"	"Neskol'ko permskikh rasteniy iz Aktyubinskoy oblasti [Several Permian plants from Aktjubinsk region]."	"Botanicheskiy Zhurnal, 34(6): 629–631. (in Russian)"
"Eretmophyllum_obtusum-ref"	"Kvaček, J."	"1999"	"New data and revison of three gymnosperms from the cenomanian of Bohemia - Sagenopteris variabilis (Velenovský) Velenovský, Mesenea bohemica (Corda) comb. n. and Eretmophylum obtusum (Velenovský) comb. n."	"Sbornik Národniho muzea v Praze, řada B, Přirodní vědy, 55 (1-2): 15– 24."
"Nehvizdyella_bipartita -ref"	"Kvaček, J., Falcon-Lang, H., Dašková, J."	"2005"	"A new Late Cretaceous ginkgoalean reproductive structure Nehvizdyella gen. nov. from the Czech Republic and its whole‐plant reconstruction."	"American Journal of Botany 92(12): 1958–1969."
"Ginkgoites_harrisii-ref"	"Lebedev [Lebedev], E. L."	"1974"	"Albskaya flora i stratigrafiya Nizhnego Mela Zapadnogo Priokhot'ya [Albian flora and Lower Cretaceous stratigraphy of West Priokhotie]."	"Nauka, Moskva, 147 pp. (in Russian)"
"Ginkgoites_insperata-ref"	"Lebedev [Lebedev], E. L."	"1974"	"Albskaya flora i stratigrafiya Nizhnego Mela Zapadnogo Priokhot'ya [Albian flora and Lower Cretaceous stratigraphy of West Priokhotie]."	"Nauka, Moskva, 147 pp. (in Russian)"
"Sphenobaiera_orientalis-ref"	"Lebedev [Lebedev], E. L."	"1974"	"Albskaya flora i stratigrafiya Nizhnego Mela Zapadnogo Priokhot'ya [Albian flora and Lower Cretaceous stratigraphy of West Priokhotie]."	"Nauka, Moskva, 147 pp. (in Russian)"
"Sphenobaiera_paraangustiloba-ref"	"Lebedev [Lebedev], E. L."	"1974"	"Albskaya flora i stratigrafiya Nizhnego Mela Zapadnogo Priokhot'ya [Albian flora and Lower Cretaceous stratigraphy of West Priokhotie]."	"Nauka, Moskva, 147 pp. (in Russian)"
"Ginkgoites_krassilovii-ref"	"Lebedev [Lebedev], E. L."	"1974"	"Albskaya flora i stratigrafiya Nizhnego Mela Zapadnogo Priokhot'ya [Albian flora and Lower Cretaceous stratigraphy of West Priokhotie]."	"Nauka, Moskva, 147 pp. (in Russian)"
"Ginkgo_qaidamensis-ref"	"Li, P."	"1988"	"Early and Middle Jurassic Strata and Their Floras from Northeastern Border of Qaidam Basin, Qingha."	"In: Li, P., He, Y., Wu, X., Mei, Sh., Li, B. (eds), Nanjing University Press, pp. 231."
"Sphenobaiera_ginkgooides-ref"	"Li, P. J., He, Y. L., Wu, X. W., Mei, S. W., Li, B. Y."	"1988"	"Early and Middle Jurassic Strata and Their Floras from Northeastern Border of Qaidam Basin, Qingha."	"Nanjing University Press, 231 pp. (Chinese with English summary)"
"Ginkgoites_borealis-ref"	"Li, P. J., He, Y. L., Wu, X. W., Mei, S. W., Li, B. Y."	"1988"	"Early and Middle Jurassic stratigraphy and their floras notheastern border of Qaidam Basin, Qinghai."	"Nanjing University Press, Nanjing, 231 pp. (in Chinese with English summary)"
"Eretmophyllum_neimengguensis-ref"	"Li, Y., Sun, Ch., Wang, H., Dilcher, D. L., Tan, X., Li, T., Na, Y."	"2017"	"First record of Eretmophyllum (Ginkgoales) with well-preserved cuticle from the Middle Jurassic of the Ordos Basin, Inner Mongolia, China."	"Palaeoworld, 27:188–201."
"Ginkgoites_quadrilobus-ref"	"Liu, L., Yao, Zh."	"1996"	"Early late Permian Angara Flora from Turpan-Hami Basin."	"Acta Palaeontologica Sinica, 35(6): 631–643. (in Chinese with English abstract)"
"Ginkgo_liaoningensis-ref"	"Liu, X. Q., Li, C. S., Wang, Y.F ."	"2006"	"The pollen cones of Ginkgo from the Early Cretaceous of China, and their bearing on the evolutionary significance."	"Botanical Journal of the Linnean Society, 152: 133–144."
"Ginkgoites_huraensis-ref"	"Maheshwari, H. K., Bajpai, U."	"1992"	"Ginkgophyte leaves from the Permian Gondwana of the Rajmahal Basin, India."	"Palaeontographica B, 224: 131–149."
"Ginkgoites_goiraensis-ref"	"Maheshwari, H. K., Banerji, J."	"1978"	"On a ginkgoalean leaf from the Triassic of Madhya Pradesh."	"Birbal Sahni Institute of Palaeobotany, 25: 249–53."
"Ginkgoites_veekaysinghii-ref"	"Maheshwari, H., Bajpai, U."	"1992"	"Ginkgophyte leaves from the Permian Gondwana of the Rajmahal Basin, India."	"Palaeontographica B, 224: 131–149."
"Ginkgo_wyomingensis-ref"	"Manum, S."	"1965"	"Ginkgo spitsbergensis n. sp. from the Paleocene of Spitsbergen and a discussion of certain Tertiary species of Ginkgo from Europe and North America."	"Norsk Polarinstitutt Årbok 1965: 49–58."
"Ginkgo_spitsbergensis-ref"	"Manum, S."	"1965"	"Ginkgo spitsbergensis n. sp. from the Paleocene of Spitsbergen and a discussion of certain Tertiary species of Ginkgo from Europe and North America."	"Norsk Polarinstitutt Årbok, 1965: 49–58."
"Ginkgo_dahlii-ref"	"Manum, S. B., Bose, M. N., Vigran, J. O."	"1991"	"The Jurassic flora of Andoya, northern Norway."	"Review of Palaeobotany and Palynology, 68(3–4): 233-256."
"Sphenobaiera_polylobata-ref"	"Markovitch [Markovich], E. M."	"1981"	"Novyy pozdnejurskiy vid Sphenobaiera iz Yuzhnoy Yakutii [New Late Jurassic species of Sphenobaiera from Southern Yakutia]."	"Trudy Vsesoyuznogo Nauchno-Issledovatel'skogo Geologicheskogo Instituta, 204: 63– 64. (in Russian)"
"Ginkgoites_rotundus-ref"	"Meng, F. S."	"1983"	"New material fossil plant from the Jiuligang Formation of Jingmen-Danyang Basin."	"Professional Papers on Stratigraphy and Palaeontology, 10: 223–238. (in Chinese with English abstract)"
"Arberophyllum_claviforme-ref"	"Mogucheva, N.K."	"1973"	"Early Triassic Aora of the Tunguska Basin"	"Tr. Sib. Nauch. Issled. lnst. Geol. Geofiz. Miner. Syr., 154:1-158."
"Sphenobaiera_porrecta-ref"	"Mogutcheva [Mogucheva], N. K."	"1972"	"Novye vidy ginkgovykh i khvoynykh iz nizhnetriasovykh otlozheniy Tungusskogo basseyna [New species of Ginkgoales and conifers in deposits from the Tungusska basin]."	"Trudy SNIIGGIMS, 146: 111–116. (in Russian)"
"Sphenobaiera_vittaefolia-ref"	"Mogutcheva [Mogucheva], N. K."	"1973"	"Rannetriasovaja flora Tungusskogo bassejna [Early Triassic flora of Tungusska basin]."	"Trudy Sibirskogo Nauchno-Issledovatel'skogo Instituta Geologii, Geofiziki i Mineral'nogo Syr'ja, 154: 1–160. (in Russian)"
"Sphenobaiera_tunguscana-ref"	"Mogutcheva [Mogucheva], N. K."	"1980"	"Novyy vid Sphenobaiera iz rannego triasa Tungusskogo basseyna [New species of Sphenobaiera from the Early Triassic of Tungusska basin]."	"Trudy Vsesoyuznogo Nauchno-Issledovatel'skogo Geologicheskogo Instituta, 204: 62– 63. (in Russian)"
"Eretmophyllum_pulchellum-ref"	"Nathorst, A. G."	"1919"	"Ginkgo adiantoides (Unger) Heer im Tertiar Spitzbergens nebst einer kurzen überzicht der fossilen Ginkgophyten desselben Landes."	"Geologiska Föreningens i Stockholm Förhandlingar, 41: 234–248."
"Karpia_macroloba-ref"	"Naugolnykh [Naugol'nykh], S.V."	"1995"	"Novyy rod ginkgopodobnykh list'ev iz kungura Priural'ya [New species of Ginkgo-like leaves from Kungur city, Ural]."	"Paleontologicheskiy Zhurnal, 1995(3): 106–116. (in Russian)"
"Karkenia_permiana-ref"	"Naugolnykh, S.V."	"2011"	"A new species of Karkenia (Ginkgoales) from the lower permian of the Urals (Russia) and the associated leaves probably belonging to the same parent plant."	"Evolution of the organic world in the paleozoic and mesozoic, Mamtov, St.-Petersburg, pp. 25–39."
"Ginkgoites_polaris-ref"	"Němejc, F."	"1968"	"Paleobotanika III. Systematická část : rostliny nahosemenné."	"Praha: Academia, 478 pp."
"Sphenobaiera_angrenica-ref"	"Nosova, N."	"2013"	"Revision of the genus Grenana Samylina from the Middle Jurassic of Angren, Uzbekistan."	"Review of Palaeobotany and Palynology 197(2013): 226–252."
"Nagrenia_samylinae -ref"	"Nosova, N."	"2013"	"Revision of the genus Grenana Samylina from the Middle Jurassic of Angren, Uzbekistan."	"Review of Palaeobotany and Palynology 197: 226–252"
"Nagrenia_leviana-ref"	"Nosova, N."	"2017"	"New findings of the female reproductive structures of Nagrenia Nosova (Ginkgoales) and the seeds of Ginkgo gomolitzkyana Nosova from the Middle Jurassic of Angren, Uzbekistan."	"Review of Palaeobotany and Palynology, 239: 1–13."
"Nagrenia_pilosa-ref"	"Nosova, N."	"2017"	"New findings of the female reproductive structures of Nagrenia Nosova (Ginkgoales) and the seeds of Ginkgo gomolitzkyana Nosova from the Middle Jurassic of Angren, Uzbekistan."	"Review of Palaeobotany and Palynology, 239: 1–13."
"Ginkgo_gomolitzkyana-ref"	"Nosova, N. V."	"2012"	"Female reproductive structures of Ginkgo gomolitzkyana N. Nosova, sp. nov. from the Middle Jurassic of Angren (Uzbekistan)."	"Palaeobotany, 2012(3): 62–91."
"Ginkgo_chlonoviae-ref"	"Nosova, N. V., Golovneva, L. B."	"2014"	"New species of Ginkgo L. from the Serta flora, the late Albian."	"In: Golovneva, L. B. (eds), Paleobotany, Volume 5. Russian Academy of Science Komarov Botanical Institute, Saint Petersburg, pp. 5–28."
"Ginkgo_sertensis-ref"	"Nosova, N. V., Golovneva, L. B."	"2014"	"New species of Ginkgo L. from the Serta flora, the late Albian."	"In: Golovneva, L. B. (eds), Paleobotany, Volume 5. Russian Academy of Science Komarov Botanical Institute, Saint Petersburg, pp. 5–28."
"Ginkgoites_crassinervis-ref"	"Oishi, S., Yabe, H."	"1933"	"Mesozoic plants from manchuria."	"Scientific Reports Tohoku university, Second Series: Geology, 12(2B): 195–252."
"Eretmophyllum_baikonuricum-ref"	"Orlovskaya [Orlovskaya], E. R."	"1962"	"Nakhodki Pseudotorellia i Eretmophyllum v jurskikh otlozheniyakh Kazakhstana [The finds of Pseudotorellia and Eretmophyllum from the Jurassic deposits of Kazakhstan]."	"Botanicheskiy Zhurnal 47: 1437-1445. (in Russian)"
"Sphenobaiera_janarensis-ref"	"Pal, P. K."	"1983"	"Triassic plant megafossils from the Tiki Formation, South Rewa Gondwana Basin, India."	"The Palaeobotanist, 32(3): 253– 309."
"Eretmophyllum_andegavense-ref"	"Pons, D., Boureau, Ed., Broutin, J."	"1976"	"Nouvelles études paléobotaniques des environs d'Angers. I. Eretmophyllum andegavense nov. sp., Ginkoale fossile du Cénomanien."	"Comptes Rendus du 4: 367–369."
"Ginkgoxylon_gruetii-ref"	"Pons, D., Vozenin-Serra, C."	"1992"	"Un Nouveau Bois de Ginkgoales du Cénomanien de l'Anjou, France (Wood of Ginkgoales in the Cenomanian of Anjou, France)."	"Courier Forschungsinstitut Senckenberg, 147: 199–213."
"Ginkgo_kolymensis-ref"	"Prynada [Prinada], V. D."	"1938"	"Materialy k poznaniyu mezozoyskoy flory basseyna reki Kolymy [Contribution to the knowledge of the Mesozoic flora of Kolyma basin]."	"Materialy po izucheniyu Kolymsko-Indigirskogo kraya Series 2, Geologiya i Geomorfologiya, 13: 1–65. (in Russian)"
"Sphenobaiera_biloba-ref"	"Prynada [Prinada], V. D."	"1938"	"Materialy k poznaniyu mezozoyskoy flory basseyna reki Kolymy [Contribution to the knowledge of the Mesozoic flora of Kolyma basin]."	"Materialy po izucheniyu Kolymsko-Indigirskogo kraya Series 2, Geologiya i Geomorfologiya, 13: 1–65. (in Russian)"
"Sphenobaiera_angustiloba-ref"	"Prynada [Prinada], V. D."	"1951"	"Mezozoyskay flora vostochnoy Sibiri i Zabaykal'a (atlas) [The mesozoic flora of East Siberia and Transbaikal (atlas)]."	"Trudy Irkutskogo gosudarstvennogo universiteta, tom 6, vypusk 1. (in Russian)"
"Ginkgo_jiayinensis-ref"	"Quan, Ch., Sun, G., Zhou, Zh."	"2010"	"A new Tertiary Ginkgo (Ginkgoaceae) from the Wuyun Formation of Jiayin, Heilongjiang, northeastern China and its paleoenvironmental implications."	"American Journal of Botany, 97(3): 446–457."
"Ginkgodium_glandulosum-ref"	"Samylina [Samylina], V. A."	"1956"	"Dva novykh vida ginkovykh iz nizhnemelovykh otlozheniy r. Aldana [Two new species of Ginkgo-type plants from lower Cretaceous deposits, river Aldana]."	"Botanicheskiy zhurnal, 41(10): 1525–1527. (in Russian)"
"Ginkgodium_amgaensis-ref"	"Samylina [Samylina], V. A."	"1963"	"Mezozoyskaya flora nizhnego techeniya r. Aldana [The Mesozoic flora of the Lower course of the Aldan river]."	"Trudy Botanicheskogo instituta AN SSSR, seriya 8, 4: 57–139. (in Russian)"
"Ginkgo_florinii-ref"	"Samylina [Samylina], V.A."	"1967"	"O zaklyuchitel'nykh etapakh istorii roda Ginkgo L. v Evrazii [On the final stages of the history of the genus Ginkgo L. in Eurasia]."	"Botanicheskiy zhurnal, 52(3): 303–316. (in Russian)"
"Sphenobaiera_uninervis-ref"	"Samylina [Samylina], V. A."	"1963"	"Mezozoyskaya flora nizhnego techeniya r. Aldana [Mesozoic flora of the lower course of Aldan River]."	"Tr. BIN AN SSSR. Paleobotanika, VIII. Nauka, Leningrad, pp. 58–139. (in Russian)"
"Sphenobaiera_pilosa-ref"	"Samylina [Samylina], V. A."	"1993"	"Novye dannye o mezozoyskoy flore basseyna reki Indigirki [New data on the Mesozoic flora of Indigirka river basin]."	"Botanicheskiy Zhurnal, 78(1): 3– 11. (in Russian)"
"Sphenobaiera_turkestanica-ref"	"Samylina [Samylina], V. A., Kirichkova [Kirichkova], A. I."	"1991"	"Rod Czekanowskia. Sistematika, istoriya, rasprostranenie, znachenie dlya stratigrafii [Genera Czekanowski. Systematics, history, distribution, stratigraphic signiﬁcance]."	"Nauka, Leningrad, 139 pp. (in Russian)"
"Ginkgo_insolita-ref"	"Samylina [Samylina], V. A., Markovich [Markovich], E.M."	"1991"	"O yurskoy flore Nazarovskogo ugol'nogo mestorozhdeniya [On the Jurassic flora of the Nazarovsk coal field (The Western Siberia)]."	"Botanicheskiy zhurnal, 76(3): 322–333. (in Russian)"
"Ginkgo_delicata-ref"	"Samylina [Samylina], V.A."	"1967"	"Mezozoyskaya flora levoberezh'ya reki Kolymy [Mesozoic flora of the left bank Kolyma river ]."	"In: Takhtajan, A.L. (eds), Problemata Cognitionis Florae Fosilis Depositionum Carboniferarum URSS. Paleobotanica VI, Nauka, Leningrad, pp. 134–175. (in Russian)"
"Ginkgo_paradiantoides-ref"	"Samylina [Samylina], V.A."	"1967"	"Mezozoyskaya flora levoberezh'ya reki Kolymy [Mesozoic flora of the left bank Kolyma river ]."	"In: Takhtajan, A.L. (eds), Problemata Cognitionis Florae Fosilis Depositionum Carboniferarum URSS. Paleobotanica VI, Nauka, Leningrad, pp. 134–175. (in Russian)"
"Ginkgo_pilifera-ref"	"Samylina [Samylina], V.A."	"1967"	"O zaklyuchitel'nykh etapakh istorii roda Ginkgo L. v Evrazii [On the final stages of the history of the genus Ginkgo L. in Eurasia]."	"Botanicheskiy zhurnal, 52(3): 303–316. (in Russian)"
"Ginkgo_orientalis-ref"	"Samylina [Samylina], V.A."	"1967"	"O zaklyuchitel'nykh etapakh istorii roda Ginkgo L. v Evrazii [On the final stages of the history of the genus Ginkgo L. in Eurasia]."	"Botanicheskiy zhurnal, 52(3): 303–316. (in Russian)"
"Ginkgo_tzagajanica-ref"	"Samylina [Samylina], V.A."	"1967"	"O zaklyuchitel'nykh etapakh istorii roda Ginkgo L. v Evrazii [On the final stages of the history of the genus Ginkgo L. in Eurasia]."	"Botanicheskiy zhurnal, 52(3): 303–316. (in Russian)"
"Ginkgo_oishii-ref"	"Samylina [Samylina], V.A., Chlebaeva [Khlebaeva], A. I."	"1986"	"Novye dannye o tretichnykh vidakh Ginkgo vostochnoy Azii [New data on tertiary species of Ginkgo from East Asia]."	"Paleontologicheskiy zhurnal, 1986(2): 97–103. (in Russian)"
"Ginkgo_tatjanae-ref"	"Samylina [Samylina], V.A., Chlebaeva [Khlebaeva], A. I."	"1986"	"Novye dannye o tretichnykh vidakh Ginkgo vostochnoy Azii [New data on tertiary species of Ginkgo from East Asia]."	"Paleontologicheskiy zhurnal, 1986(2): 97–103. (in Russian)"
"Ginkgo_transsenonica-ref"	"Samylina [Samylina], V.A., Chlebaeva [Khlebaeva], A. I."	"1986"	"Novye dannye o tretichnykh vidakh Ginkgo vostochnoy Azii [New data on tertiary species of Ginkgo from East Asia]."	"Paleontologicheskiy zhurnal, 1986(2): 97–103. (in Russian)"
"Ginkgo_resecta-ref"	"Savizkaya [Savitskaya], L.I."	"1969"	"O flore pozdney yury Fergany. [About the Late Jurassic flora of Fergana]."	"Paleontologicheskiy Zhurnal, 1969(1): 143– 146. (in Russian)"
"Sphenobaiera_tajmyrensis-ref"	"Schvedow [Shvedov], N. A."	"1960"	"O nalichii rannemezozoyskoy flory na Zapadnom Taymyre [On the occurrence of the Early Mesozoic flora in Western Tajmyr]."	"Sbornik statey po paleontologii i biostratigrafii, 20: 55–65. (in Russian)"
"Ginkgo_cordilobata-ref"	"Schweitzer, H. J, Kirchner, M."	"1995"	"Die rhäto-jurassischen Floren des Iran und Afghanistan: 8. Ginkgophyta."	"Palaeontographica, B, 237(1-3): 1–58."
"Ginkgo_dissecta-ref"	"Schweitzer, H.J, Kirchner, M."	"1995"	"Die rhäto-jurassischen Floren des Iran und Afghanistan: 8. Ginkgophyta."	"Palaeontographica, B, 237(1-3): 1–58."
"Karkenia_cylindrica-ref"	"Schweitzer, H.J., Kirchner, M."	"1995"	"Die Rhaeto-Jurassichen Floren des Iran und Afghanistans: 8. Ginkgophyta."	"Palaeontographica B, 237: 1–58."
"Umaltolepis_coleoptera-ref"	"Schweitzer, H.J., Kirchner, M."	"1995"	"Die Rhaeto-Jurassichen Floren des Iran und Afghanistans: 8. Ginkgophyta."	"Palaeontographica B, 237: 1–58."
"Ginkgo_bonesii-ref"	"Scott, R. A., Barghoorn, E. S., Prakash, U."	"1962"	"Wood of Ginkgo in the Tertiary of Western North America."	"American Journal of Botany, 49(10) 1095–1101."
"Sphenobaiera_rarefurcata-ref"	"Semaka, A."	"1962"	"Flora Liasică de la Doman (Banat)."	"Dări de seamă ale ședințelor, Institutul Geologic, 43: 215–242."
"Ginkgoxylon_quangnamense-ref"	"Serra, C."	"1967"	"Sur un nouveau bois de Ginkgoales récolté dans le Ho Gia."	"Arch. Geol. Vietnam, 10: 93–103."
"Ginkgo_obrutschewii-ref"	"Seward, A. C."	"1911"	"Jurassic plants from Chinese Dzungaria."	"Trudy geologicheskogo komiteta, novaya seriya, vypusk 75: 1–61."
"Ginkgoites_pluripartitus-ref"	"Seward, A. C."	"1927"	"The Cretaceous Plant-Bearing Rocks of Western Greenland."	"Philosophical Transactions of the Royal Society of London B, 215: 57–175."
"Eretmophyllum_saighanense-ref"	"Seward, A.C."	"1919"	"Fossil Plants, vol. IV."	"Cambridge University Press, Cambridge, 543 pp."
"Sphenobaiera_polyloba-ref"	"Shabarov, N. V."	"1981"	"Yuzhnoyakutskaya uhlenosnaya formatsiya [Coal-bearing formation of South Yakutiya]."	"Trudy VSEGEI, 312 pp. (in Russian)"
"Ginkgo_antarctica-ref"	"Shirley, J."	"1898"	"Additions to the fossil flora of Queensland, mainly from the Ipswich formation, Trias-Jura system."	"Bulletin Geological Survey of Queensland 7: 1– 25."
"Ginkgo_ferganensis-ref"	"Sixtel [Sikstel'], T. A."	"1960"	"Stratigrafiya kontinental'nykh otlozheniy verkhney permi i triasa Sredney Azii [Stratigraphy of continental deposits of the Upper Permian and Triassic of central Asia]."	"SamGU, Tashkent, 148 pp."
"Sphenobaiera_suluktensis-ref"	"Sixtel [Sikstel'], T. A."	"1961"	"Stratigrafiya kontinental'nykh otlozheniy verkhney permi i triasa Sredney Azii [Stratigraphy of the continental sediments of the Upper Permian and the Triassic of the Middle Asia]."	"Trudy Tashkentskogo Gosudarstvennogo Universiteta, 176 (13), 145 pp. (in Russian)"
"Sphenobaiera_granulifer-ref"	"Sixtel [Sikstel'], T. A."	"1962"	"Flora pozdney i rannego triasa v Yuznoy Fergane [Upper Permian and Lower Triassic flora from South Fergana]."	"In: Verkhov [Verkhov], V. I. et al. (eds), Stratigrafiya i paleontologiya Uzbekistana i sopredel'nych rayonov. Izdatelstvo Akademii nauk uzbekskoy SSR, Tashkent, pp. 284–411. (in Russian)"
"Sphenobaiera_aravanica-ref"	"Sixtel [Sikstel'], T. A."	"1966"	"K fitostratigrafii permi Sredney Azii [Permian phyto-stratigraphy of Soviet Central Asia]."	"FAN, Tashkent, 61 pp. (in Russian)"
"Ginkgo_asiae-mediae-ref"	"Sixtel [Sikstel'], T. A., Kuzichkina [Kuzichkina] Y. M., Savizkaya [Savitskaya], L. I., Chudajberdyev [Khudayberdyev], R., Schvetsova [Shvetsova], E. M."	"1971"	"K istorii razvitiya Ginkgovitykh v sredney Azii [History of the development of Ginkgoites in Central Asia]."	"In: Sixte l[Sikstel'], T. A. (eds), Paleobotany of Uzbekistan. Izdatelstvo \"FAN\", Tashkent, tom II, pp. 62–117. (in Russian)"
"Ginkgo_tringulata-ref"	"Sixtel [Sikstel'], T. A., Kuzichkina [Kuzichkina] Y. M., Savizkaya [Savitskaya], L. I., Chudajberdyev [Khudayberdyev], R., Schvetsova [Shvetsova], E. M."	"1971"	"K istorii razvitiya Ginkgovitykh v sredney Azii [History of the development of Ginkgoites in Central Asia]."	"In: Sixte l[Sikstel'], T. A. (eds), Paleobotany of Uzbekistan. Izdatelstvo \"FAN\", Tashkent, tom II, pp. 62–117. (in Russian)"
"Arberophyllum_oblanceolatum-ref"	"Sixtel, T.A."	"1962"	"Late Permian and Early Triassic Flora of South Fergana"	"Stratigrafiya i paleontologiya Uzbekistana, 1(Stratigraphy and Paleontology of Uzbekistan, 1), Tashkent, pp. 271-414."
"Arberophyllum_ereminae-ref"	"Sixtel, T.A."	"1962"	"Late Permian and Early Triassic Flora of South Fergana, in Stratigrafiya i paleontologiya Uzbekistana, 1"	"(Stratigraphy and Paleontology of Uzbekistan, 1), Tashkent, pp. 271-414."
"Sphenobaiera_altaica-ref"	"Sodov [Sodov], Zh."	"1981"	"Novye dannye o melovoj flore Mongolii [New data on the Cretaceous flora of Mongolia]."	"Paleontologicheskiy Zhurnal, 1981:(3) 128–132. (in Russian)"
"Toretzia_angustifolia -ref"	"Stanislavsky [Stanislavskiy], F. A."	"1973"	"Novyy rod Toretzia iz verkhnego triasa Donbasa i ego otnoshenie k rodam poryadka Ginkgoales [The new genus Toretzia from the Upper Triassic of the Dontez Basin and its relation to the genera of the order Ginkgoales]."	"Paleontologicheskiy Zhurnal, 1973(1): 88–96. (in Russian)"
"Toretzia_longifolia-ref"	"Stanislavsky [Stanislavskiy], F. A."	"1973"	"Novyy rod Toretzia iz verkhnego triasa Donbasa i ego otnoshenie k rodam poryadka Ginkgoales [The new genus Toretzia from the Upper Triassic of the Dontez Basin and its relation to the genera of the order Ginkgoales]."	"Paleontologicheskiy Zhurnal, 1973(1): 88–96. (in Russian)"
"Ginkgo_shiguaiensis-ref"	"Sun, C., Dilcher, D. L., Wang, H., Sun, G., Ge, G."	"2008"	"A study of Ginkgo leaves from the Middle Jurassic of Inner Mongolia, China."	"International Journal of Plant Sciences, 169(8): 1128–1139."
"Ginkgoxylon_diversicellulatum-ref"	"Süss, H."	"2003"	"Zwei neue fossile Hölzer der Morphogattung Ginkgoxylon Saporta emend. Süss aus tertiären Schichten der Insel Lesbos, Griechenland, mit einer Übersicht über Fossilien mit ginkgoaler Holzstruktur."	"Feddes Repertorium, 114 (5-6): 301–319."
"Ginkgoxylon_lesboense-ref"	"Süss, H."	"2003"	"Zwei neue fossile Hölzer der Morphogattung Ginkgoxylon Saporta emend. Süss aus tertiären Schichten der Insel Lesbos, Griechenland, mit einer Übersicht über Fossilien mit ginkgoaler Holzstruktur."	"Feddes Repertorium, 114 (5-6): 301–319."
"Sphenobaiera_crassinervis-ref"	"Sze, H. C."	"1956"	"Older Mesozoic plaits from the Yenchang Formation, Northern Shensi."	"Palaeontologica Sinica A, 5(139): 1–217."
"Arberophyllum_shensiense-ref"	"Sze, H. C."	"1956"	"Older Mesozoic Plants from the Yenchang Formation, Northern Shensi"	"Paleontol. Sin. Ser. A. N. S., 139: 113-206."
"Ginkgoites_chowii-ref"	"Sze, H. C."	"1956"	"Older Mesozoic plants from the Yenchang Formation, Northern Shensi."	"Acta Paleontologia Sinica, 139(5): 1–217."
"Sphenobaiera_eurybasis-ref"	"Sze, H. C."	"1959"	"Jurassic plants from Tsaidam, Chinghai Province."	"Acta Palaeontologica Sinica, 7: 1–31."
"Sphenobaiera_huangii-ref"	"Sze, H. C., Hsü, J."	"1954"	"Index fossils of China plants."	"Geological Publishing House, Beijing, China, 83 pp. (in Chinese)"
"Eretmophyllum_ovatum-ref"	"Teslenko [Teslenko], J. V."	"1970"	"Stratigrafiya i flora yurskikh otlozheniy zapadnoy i yuznoy Sibiri i Tuvy [Stratigraphy and flora of the Jurassic deposits of Western and Southern Siberia and Tuva.]."	"Trudy SNIIGGIM, Ser. Paleontologiya i stratigrafiya, 42: 1-270. (in Russian)"
"Eretmophyllum_pubescens-ref"	"Thomas, H. H."	"1913"	"On some new rare Jurassic plants from Yorkshire: Eretmophyllum, a new type of ginkgoalean leaf."	"Proceedings of the Cambridge Philosophical Society 17(3): 256–262."
"Eretmophyllum_whitbiense-ref"	"Thomas, H. H."	"1913"	"On some new rare Jurassic plants from Yorkshire: Eretmophyllum, a new type of ginkgoalean leaf."	"Proceedings of the Cambridge Philosophical Society 17(3): 256–262."
"Arberophyllum_spetsbergense-ref"	"Vasilevskaya, N.D."	"1972"	"Late Triassic Aora of Svalbard, Mesozoic Beds of Svalbard"	"Leningrad: Nauka, pp. 27-63."
"Ginkgo_angusticuneata-ref"	"Vassilevskaya [Vasilevskaya], N. D."	"1960"	"Ginkgovye iz nizhnemelovykh otlozheniy nizov'ev reki Lena [Ginkgo from Lower Cretaceous deposits of lower rachers Lena River.] (Paleontology and stratigraphy of Soviet Arctic)."	"Trudy nauchno-issledovatelskogo instituta geologii Arktiki Ministerstva geologii i okhrany nedr SSSR, 111: 150–179. (in Russian)"
"Sphenobaiera_flabellata-ref"	"Vassilevskaya [Vasilevskaya], N. D., Abramova [Abramova], L. N."	"1967"	"Materialy k poznaniyu rannemelovoy flory Lenskogo basseyna [Materials to the study of the Early Cretaceous flora of Lena Basin]."	"Uchenye zapiski Nauchno-Issledovatel'skogo instituta geologii Arktiki 16: 73–93. (in Russian)"
"Ginkgo_parvula-ref"	"Vassilevskaya [Vasilevskaya], N. D., Pavlov [Pavlov], V.V."	"1963"	"Stratigrafiya i flora melovykh otlozheniy Leno-Olenekskogo rayona Lenskogo uglenosnogo basseyna [Stratigraphy and flora of the Cretaceous sediments in the region of the Lena and Olenek and the coal basin of the Lena] (Problems of oil and gas layers in the Arctic II)."	"Trudy nauchno-issledovatelskogo instituta geologii Arktiki Ministerstva geologii i okhrany nedr SSSR, 128: 1–96. (in Russian)"
"Ginkgodium_nundichii-ref"	"Velasco-de Leon, M. P., Lozano-Carmona, D. E., Flores, M. A., Martínez, O. D., Silva, A."	"2015"	"Two new species of Ginkgoales from the Middle Jurassic of Mexico."	"Historical Biology, 27(3-4): 366–373."
"Sphenobaiera_mixteca-ref"	"Velasco-de Leon, M. P., Lozano-Carmona, D. E., Flores, M. A., Martínez, O. D., Silva, A."	"2015"	"Two new species of Ginkgoales from the Middle Jurassic of Mexico."	"Historical Biology, 27(3-4): 366–373."
"Ginkgoites_patagonica-ref"	"Villar de Seoane, L., Cúneo, N. R., Escapa, I., Wilf, P., Gandolfo, M. A."	"2015"	"Ginkgoites patagonica (Berry) comb. nov. from the Eocene of Patagonia, Last Ginkgoalean Record in South America."	"International Journal of Plant Sciences, 176(4): 346–363."
"Ginkgo_xiahuayuanensis-ref"	"Wang, Z."	"1984"	"Plant Kingdom."	"In: Tianjin Institute of Geology and Mineral Resources (eds), Paleontological Atlas of North China II Mesozoic, China: Geological Publishing House, pp. 223–384. (in Chinese)"
"Umaltolepis_hebeiensis-ref"	"Wang, Z."	"1984"	"Plant Kingdom."	"In: Tianjin Institute of Geology and Mineral Resources (eds), Paleontological Atlas of North China II Mesozoic, China: Geological Publishing House, pp. 223–384. (in Chinese)"
"Sphenobaiera_micronervis-ref"	"Wang, Z. Q., Wang, L. X."	"1986"	"Huabei Shiqianfengqun Xiabu Wanerdieshi Zhiwu Huashi."	"Bulletin of the Tianjin Institute of Geology and Mineral Resources, 15: 1–120. (in Chinese)"
"Ginkgo_hamiensis-ref"	"Wang, Z., Sun, F., Jin, P., Chen, Y., Chen, J., Deng, P., Yang, G., Sun, B."	"2017"	"A New Species of Ginkgo with Male Cones and Pollen Grains in situ from the Middle Jurassic of Eastern Xinjiang, China."	"Acta Geologica Sinica, 91(1): 9–21."
"Ginkgo_laramiensis-ref"	"Ward, L. F."	"1885"	"Synopsis of the flora of the Laramie group."	"United States Geological Survey 6th Annual Report, pp.399–557."
"Ginkgoites_tasiakouensis-ref"	"Wu, S., Ye, M., Li, B."	"1980"	"Upper Triassic and Lower and Middle Jurassic plants from the Hsiangchi Group, western Hubei."	"Mem Nanjiang Institute of Geology and Palaeontology, Chinese Academy of Sciences, 14: 63–131. (in Chinese with English abstract)"
"Yimaia_qinghaiensis -ref"	"Wu, X., Yang X., Zhou, Zh."	"2006"	"Ginkgoalean ovulate organs and seeds associated with Baiera furcata-type leaves from the Middle Jurassic of Qinghai Province, China."	"Review of Palaeobotany and Palynology138(3-4): 209–225"
"Ginkgoites_yangii-ref"	"Wu, X., Zhou, Zh., Wang, Y."	"2007"	"Nomenclatural notes on some ginkgoalean fossil plants from China."	"Acta Phytotaxonomica Sinica, 45 (6): 880–883."
"Sphenobaiera_fengii-ref"	"Wu, X., Zhou, Zh., Wang, Y."	"2007"	"Nomenclatural notes on some ginkgoalean fossil plants from China."	"Acta Phytotaxonomica Sinica, 45 (6): 880–883."
"Sphenobaiera_wangii-ref"	"Wu, X., Zhou, Zh., Wang, Y."	"2007"	"Nomenclatural notes on some ginkgoalean fossil plants from China."	"Acta Phytotaxonomica Sinica, 45 (6): 880–883."
"Ginkgo_neimengensis-ref"	"Xu, X. H., Yang, L. Y., Sun, B. N., Wang Y. D., Che, P."	"2017"	"A new Early Cretaceous Ginkgo ovulate organ with associated leaves from Inner Mongolia, China and its evolutionary significance."	"Review of Palaeobotany and Palynology, 244: 163–181."
"Ginkgoites_myrioneurus-ref"	"Yang, X."	"2004"	"Ginkgoites myrioneurus sp. nov. and associated shoots from the Lower Cretaceous of the Jixi Basin, Heilongjiang, China."	"Cretaceous Research, 25: 739–748"
"Ginkgo_ginkgoidea-ref"	"Yang, X. J., Friis, E. M., Zhou, Z. Y."	"2008"	"Ovule-bearing organs of Ginkgo ginkgoidea (Tralau) comb. nov., and associated leaves from the Middle Jurassic of Scania, South Sweden."	"Review of Palaeobotany and Palynology, 149(1-2): 1–17."
"Ginkgodium_nathorstii-ref"	"Yokoyama, M."	"1889"	"Jurassic Plants from Kaga, Hida, and Echizen."	"The journal of the College of Science, Imperial University, Tokyo, vol. 3: 1–66."
"Arberophyllum_baschkiricum-ref"	"Zalessky, M. D."	"1966"	"Sur la flore triasique de la riviere Sourakai en Bachkirie."	"Problemy Paleontologii, 1: 245-250."
"Ginkgo_chilinensis-ref"	"Zhang, W., Zhang, Z. C., Zheng, S. L."	"1980"	"Division of plants."	"In: Paleontological atlas of Northeast China. (2) Mesozoic and Cenozoic volume. Geological Publishing House, Beijing, pp. 221–339. (in Chinese)"
"Ginkgo_dayanensis-ref"	"Zhang, W., Zhang, Z. E., Zheng, S.L.,"	"1980"	"Division of plants."	"In: Palaeontological atlas of Northeast China. (2) Mesozoic and Cenozoic volume, pp. 221-339. (in Chinese)"
"Ginkgoxylon_beckii-ref"	"Zhang, W., Zheng, S. L., Shang, P."	"2000"	"A new species of ginkgoalean wood (Ginkgoxylon chinense Zhang et Zheng sp. nov.) from Lower Cretaceous of Liaoning, China."	"Acta. Palaeontologica Sinica 39: 220–225."
"Ginkgoxylon_bonesii-ref"	"Zhang, W., Zheng, S. L., Shang, P."	"2000"	"A new species of ginkgoalean wood (Ginkgoxylon chinense Zhang et Zheng sp. nov.) from Lower Cretaceous of Liaoning, China."	"Acta. Palaeontologica Sinica 39: 220–225."
"Ginkgoxylon_chinense -ref"	"Zhang, W., Zheng, S. L., Shang, P."	"2000"	"A new species of ginkgoalean wood (Ginkgoxylon chinense Zhang et Zheng sp. nov.) from Lower Cretaceous of Liaoning, China."	"Acta. Palaeontologica Sinica 39: 220–225."
"Ginkgoites_fuxinensis-ref"	"Zhao, L., Ohana, T., Kimura, T."	"1993"	"A fossil population of Ginkgo leaves from the Xingyuan Formation, Inner Mongolia."	"Transactions and Proceedings of the Palaeontological Society of Japan, 169: 73–96."
"Ginkgoites_wulungensis-ref"	"Zhao, L., Ohana, T., Kimura, T."	"1993"	"A fossil population of Ginkgo leaves from the Xingyuan Formation, Inner Mongolia."	"Transactions and Proceedings of the Palaeontological Society of Japan, 169: 73–96."
"Ginkgoites_papilionaceus-ref"	"Zhou, H. Q."	"1981"	"Discovery of the Upper Triassic flora of Yangcaogou of Beipiao, Liaoning."	"Twelfth Annual Conference of the Palaeontological Society of China, 147–152 pp. (In Chinese)"
"Ginkgo_yimaensis-ref"	"Zhou, Z-Y., Zhang, B.-L."	"1989"	"A Middle Jurassic Ginkgo with ovule-bearing organs from Henan, China."	"Palaeontographica Abt. B 211(4–6): 113–133."
"Ginkgo_apodes-ref"	"Zhou, Z-Y., Zheng, Sh."	"2004"	"A new Mesozoic Ginkgo from western Liaoning, China and its evolutionary significance."	"Review of Paleobotany and Palynology 131(1–2): 91–103."
"Ginkgo_cranei-ref"	"Zhou, Z., Quan, Ch., Liu, Yu-Sh."	"2012"	"Tertiary Ginkgo Ovulate Organs with Associated Leaves from North Dakota, U.S.A., and Their Evolutionary Significance."	"International Journal of Plant Sciences, 173(1): 67–80."
"Sphenobaiera_rugata-ref"	"Zhou, Zh."	"1984"	"Early Liassic plants from southwestern Hunan, China."	"Palaeontologia Sinica, 165(7): 1–91."
"Yimaia_recurva -ref"	"Zhou, Zh., Zhang, B."	"1987"	"Two new Ginkgoalean female reproductive organs from the middle Jurassic of Henan province."	"Kexue Tongbao (Chinese Science Bulletin), 33(14): 1201–1203."
"Karkenia_henanensis -ref"	"Zhou, Zh., Zhang, B., Wang, Y., Guignard, G."	"2002"	"A new Karkenia (Ginkoales) from the Jurassic Yima formation, Henan, China and its megaspore memrane ultrastructure."	"Review of Paleobotany and Palynology 120(2002): 91–105."
"Yimaia_capituliformis-ref"	"Zhou, Zh., Zheng, Sh., Zhang, L."	"2007"	"Morphology and age of Yimaia (Ginkgoales) from Daohugou Village, Ningcheng, Inner Mongolia, China."	"Cretaceous Research, 28(2): 348– 362."
